-- phpMyAdmin SQL Dump
-- version 5.0.2
-- https://www.phpmyadmin.net/
--
-- Servidor: 127.0.0.1
-- Tiempo de generación: 16-12-2020 a las 16:00:30
-- Versión del servidor: 10.4.14-MariaDB
-- Versión de PHP: 7.4.10

SET SQL_MODE = "NO_AUTO_VALUE_ON_ZERO";
START TRANSACTION;
SET time_zone = "+00:00";


/*!40101 SET @OLD_CHARACTER_SET_CLIENT=@@CHARACTER_SET_CLIENT */;
/*!40101 SET @OLD_CHARACTER_SET_RESULTS=@@CHARACTER_SET_RESULTS */;
/*!40101 SET @OLD_COLLATION_CONNECTION=@@COLLATION_CONNECTION */;
/*!40101 SET NAMES utf8mb4 */;

--
-- Base de datos: `tienda_online`
--

-- --------------------------------------------------------

--
-- Estructura de tabla para la tabla `categorias`
--

CREATE TABLE `categorias` (
  `id_categoria` int(11) NOT NULL,
  `categoria` varchar(100) COLLATE utf8_unicode_ci NOT NULL
) ENGINE=InnoDB DEFAULT CHARSET=utf8 COLLATE=utf8_unicode_ci;

--
-- Volcado de datos para la tabla `categorias`
--

INSERT INTO `categorias` (`id_categoria`, `categoria`) VALUES
(1, 'Teclado Gamer'),
(2, 'Mouse Gamer'),
(3, 'Case'),
(4, 'Memorias Ram'),
(5, 'UPS'),
(6, 'CPU'),
(7, 'Tarjeta Graficas'),
(8, 'Monitores'),
(9, 'Cooler'),
(10, 'Motherboard Gamer'),
(11, 'Sillas Gamer'),
(12, 'Audifonos '),
(13, 'Accesorios de mantenimiento'),
(14, 'Software'),
(15, 'Fuentes de poder'),
(16, 'Laptop\'s Gamer');

-- --------------------------------------------------------

--
-- Estructura de tabla para la tabla `comentarios`
--

CREATE TABLE `comentarios` (
  `id` int(11) NOT NULL,
  `producto_id` int(11) NOT NULL,
  `rainting` int(11) NOT NULL,
  `comentario` text COLLATE utf8_unicode_ci DEFAULT NULL,
  `fecha` date DEFAULT NULL
) ENGINE=InnoDB DEFAULT CHARSET=utf8 COLLATE=utf8_unicode_ci;

-- --------------------------------------------------------

--
-- Estructura de tabla para la tabla `detalle_venta_producto`
--

CREATE TABLE `detalle_venta_producto` (
  `id` int(11) NOT NULL,
  `idventa` int(11) NOT NULL,
  `idproducto` int(11) NOT NULL,
  `cantidad` int(11) NOT NULL,
  `descuento` int(11) DEFAULT NULL
) ENGINE=InnoDB DEFAULT CHARSET=utf8 COLLATE=utf8_unicode_ci;

--
-- Volcado de datos para la tabla `detalle_venta_producto`
--

INSERT INTO `detalle_venta_producto` (`id`, `idventa`, `idproducto`, `cantidad`, `descuento`) VALUES
(16, 1, 1, 3, 0),
(17, 2, 1, 3, 0),
(18, 3, 1, 1, 0),
(19, 3, 2, 1, 0),
(20, 4, 1, 3, 0),
(21, 5, 2, 4, 0),
(22, 6, 2, 1, 0),
(23, 6, 3, 2, 0),
(24, 7, 4, 1, 0),
(25, 8, 19, 1, 0),
(26, 8, 20, 1, 0),
(27, 8, 21, 1, 0),
(29, 8, 38, 1, 0),
(30, 9, 13, 1, 0),
(31, 9, 45, 1, 0),
(32, 10, 2, 1, 0),
(33, 10, 7, 1, 0),
(34, 11, 10, 1, 0),
(35, 12, 10, 2, 0),
(36, 12, 24, 2, 0),
(37, 13, 12, 1, 0),
(38, 13, 11, 1, 0),
(39, 13, 10, 1, 0),
(40, 13, 48, 1, 0),
(41, 13, 49, 1, 0),
(42, 13, 47, 1, 0),
(43, 13, 45, 1, 0),
(44, 13, 46, 1, 0),
(45, 13, 8, 1, 0),
(46, 13, 9, 1, 0),
(47, 13, 7, 1, 0),
(48, 14, 12, 1, 0),
(49, 14, 11, 1, 0),
(50, 14, 10, 1, 0),
(51, 14, 48, 1, 0),
(52, 14, 49, 1, 0),
(53, 14, 47, 1, 0),
(54, 14, 45, 1, 0),
(55, 14, 46, 1, 0),
(56, 14, 8, 1, 0),
(57, 14, 9, 1, 0),
(58, 14, 7, 1, 0),
(59, 15, 36, 1, 0),
(60, 15, 37, 1, 0),
(61, 15, 38, 1, 0),
(62, 16, 37, 1, 0),
(63, 17, 25, 1, 0),
(64, 17, 24, 1, 0),
(65, 18, 1, 2, 0);

-- --------------------------------------------------------

--
-- Estructura de tabla para la tabla `imagen_details`
--

CREATE TABLE `imagen_details` (
  `id` int(11) NOT NULL,
  `producto_id` int(11) NOT NULL,
  `imagen` varchar(255) COLLATE utf8_unicode_ci DEFAULT NULL
) ENGINE=InnoDB DEFAULT CHARSET=utf8 COLLATE=utf8_unicode_ci;

--
-- Volcado de datos para la tabla `imagen_details`
--

INSERT INTO `imagen_details` (`id`, `producto_id`, `imagen`) VALUES
(1, 1, '3546.png'),
(2, 1, '4254.png'),
(3, 1, '4835.png'),
(4, 2, '0339.jpg'),
(5, 2, '5667.png'),
(6, 2, '1222.png'),
(7, 3, '533.webp'),
(8, 3, '4294.webp'),
(9, 3, '279.webp'),
(10, 3, '413.webp'),
(11, 3, '5215.webp'),
(12, 3, '0571.webp'),
(13, 3, '1347.webp'),
(14, 4, '0766.webp'),
(28, 6, '3714.webp'),
(29, 6, '4420.webp'),
(30, 6, '514.webp'),
(31, 7, '3927.jpg'),
(32, 8, '5373.jpg'),
(33, 9, '3512.png'),
(34, 10, '0524.jpg'),
(35, 11, '0732.jpg'),
(36, 12, '0469.jpg'),
(37, 13, '3978.jpg'),
(38, 14, '4073.jpg'),
(39, 15, '2229.jpg'),
(40, 4, '1532.webp'),
(41, 4, '3022.webp'),
(42, 4, '4749.webp'),
(43, 16, '3129.jpg'),
(56, 19, '0847.jpg'),
(57, 19, '0845.jpg'),
(58, 20, '0344.jpg'),
(59, 21, '5880.jpg'),
(60, 22, '241.jpg'),
(61, 23, '2493.jpg'),
(62, 24, '2247.jpg'),
(63, 25, '4527.jpg'),
(64, 25, '4551.jpg'),
(70, 27, '2944.jpg'),
(71, 27, '2917.jpg'),
(72, 27, '2974.jpg'),
(77, 29, '2578.jpg'),
(78, 29, '2593.jpg'),
(79, 29, '2569.jpg'),
(80, 30, '3134.jpg'),
(81, 30, '3152.jpg'),
(82, 30, '3140.jpg'),
(83, 31, '0857.jpg'),
(84, 31, '0840.jpg'),
(85, 31, '0882.jpg'),
(86, 34, '3152.jpg'),
(87, 34, '3154.jpg'),
(88, 34, '3119.jpg'),
(89, 35, '5314.jpg'),
(90, 35, '0118.jpg'),
(91, 35, '0114.jpg'),
(92, 35, '0113.jpg'),
(93, 36, '1352.jpg'),
(94, 36, '1379.jpg'),
(95, 36, '131.jpg'),
(96, 37, '4392.jpg'),
(97, 37, '4392.jpg'),
(98, 37, '4321.jpg'),
(99, 38, '1480.jpg'),
(100, 38, '4393.jpg'),
(101, 38, '4318.jpg'),
(103, 40, '4568.jpg'),
(104, 40, '4537.jpg'),
(105, 40, '451.jpg'),
(106, 41, '0452.jpg'),
(107, 41, '0517.jpg'),
(108, 41, '2740.jpg'),
(109, 42, '524.jpg'),
(110, 42, '5282.jpg'),
(111, 42, '5226.jpg'),
(112, 43, '2143.jpg'),
(113, 43, '2172.jpg'),
(114, 43, '2134.jpg'),
(115, 44, '2243.jpg'),
(116, 44, '2296.jpg'),
(117, 44, '2262.jpg'),
(118, 45, '0063.jpg'),
(119, 45, '0066.jpg'),
(120, 45, '0036.jpg'),
(121, 46, '2547.jpg'),
(122, 46, '2565.jpg'),
(123, 46, '2533.jpg'),
(124, 47, '1471.jpg'),
(125, 47, '1493.jpg'),
(126, 47, '1438.jpg'),
(127, 48, '1788.jpg'),
(128, 49, '4854.jpg'),
(129, 50, '4860.jpg'),
(130, 50, '4884.jpg'),
(131, 50, '4864.jpg'),
(132, 51, '3425.jpg'),
(133, 51, '3414.jpg'),
(134, 51, '3486.jpg'),
(135, 52, '4074.jpg'),
(136, 52, '4024.jpg'),
(137, 52, '4050.jpg'),
(138, 53, '2381.jpg'),
(139, 54, '2087.jpg'),
(140, 55, '3215.jpg');

-- --------------------------------------------------------

--
-- Estructura de tabla para la tabla `marcas`
--

CREATE TABLE `marcas` (
  `id` int(11) NOT NULL,
  `nombre_marca` varchar(100) COLLATE utf8_unicode_ci NOT NULL
) ENGINE=InnoDB DEFAULT CHARSET=utf8 COLLATE=utf8_unicode_ci;

--
-- Volcado de datos para la tabla `marcas`
--

INSERT INTO `marcas` (`id`, `nombre_marca`) VALUES
(1, 'HP compag'),
(2, 'LEONOVO'),
(3, 'Acer 200'),
(4, 'AMD'),
(5, 'AORUS'),
(6, 'DELL'),
(7, 'Kingston '),
(8, 'Ballistix '),
(9, 'G.Skill Trident Z Neo Series'),
(10, 'APC'),
(12, 'CyberPower'),
(13, 'Intel'),
(14, 'GTX GeForce'),
(15, 'Sceptre'),
(16, 'Samsung'),
(17, 'Truper'),
(18, 'Steren'),
(19, 'Microsoft'),
(20, 'Avast'),
(21, 'Omega');

-- --------------------------------------------------------

--
-- Estructura de tabla para la tabla `productos`
--

CREATE TABLE `productos` (
  `id_producto` int(11) NOT NULL,
  `id_categoria` int(11) NOT NULL,
  `id_marca_producto` int(11) NOT NULL,
  `NombreProducto` varchar(255) COLLATE utf8_unicode_ci NOT NULL,
  `imagen` varchar(255) COLLATE utf8_unicode_ci DEFAULT NULL,
  `cantidad` int(11) NOT NULL,
  `precioVenta` float(8,4) NOT NULL,
  `precioCompra` float NOT NULL,
  `detalles` text COLLATE utf8_unicode_ci NOT NULL,
  `fechaCompra` timestamp NULL DEFAULT current_timestamp() ON UPDATE current_timestamp()
) ENGINE=InnoDB DEFAULT CHARSET=utf8 COLLATE=utf8_unicode_ci;

--
-- Volcado de datos para la tabla `productos`
--

INSERT INTO `productos` (`id_producto`, `id_categoria`, `id_marca_producto`, `NombreProducto`, `imagen`, `cantidad`, `precioVenta`, `precioCompra`, `detalles`, `fechaCompra`) VALUES
(1, 10, 5, 'Z490 AORUS XTREME WATERFORCE (rev. 1.x)', '2433.png', 24, 650.0000, 500, '                                                                                                                        <h4><span lang=\"EN-US\"><b>Intel® Z490\r\nAORUS Motherboard with 16+1 Phases Digital VRM, AORUS All-In-One Monoblock ,NanoCarbon\r\nBaseplate, Intel® Thunderbolt 3, ESSential USB DAC, Intel® WiFi 6 802.11ax,\r\nAQUANTIA® 10GbE LAN, Intel® 2.5GbE LAN, RGB FAN COMMANDER</b></span></h4><h4><span lang=\"EN-US\"><b><br></b></span></h4><ul><li><span lang=\"EN-US\">Supports\r\n10th Gen Intel® Core™ Processors and 11th Gen Intel® Core™ Processors*</span></li><li><span style=\"font-size: 1rem;\">Dual\r\nChannel Non-ECC Unbuffered DDR4, 4 DIMMs</span></li><li><span lang=\"EN-US\">Intel®\r\nOptane™ Memory Ready<o:p></o:p></span></li><li><span lang=\"EN-US\">16+1 Phases\r\nDigital VRM Solution with 90A Smart Power Stage and Tantalum Polymer Capacitors\r\nArray<o:p></o:p></span></li><li><span lang=\"EN-US\">XTREME\r\nMEMORY with SMT DIMM and Shielded Memory Routing<o:p></o:p></span></li><li><span lang=\"EN-US\">AORUS\r\nAll-In-One Monoblock for CPU, VRM, SSD and PCH</span></li><li>Intel®\r\nThunderbolt™ 3 Onboard</li><li>Exclusive\r\nESSential USB DAC</li><li>Exclusive\r\nRGB FAN COMMANDER for Professional Casemodders</li><li>Onboard\r\nIntel® WiFi 6 802.11ax 2T2R &amp; BT 5 with 2X AORUS Antenna</li><li>127dB SNR\r\nAMP-UP Audio with High-End ESS SABRE 9018K2M DAC, LME 49720 and OPA1622 OP-AMP,\r\nWIMA Audio Capacitors</li><li>AQUANTIA®\r\n10GbE BASE-T LAN and Intel® 2.5GbE LAN with cFosSpeed</li><li>Triple\r\nUltra-Fast NVMe PCIe 3.0 x4 M.2 with Thermal Guards II</li><li>USB\r\nTurboCharger for Mobile Device Fast Charge Support</li><li>RGB FUSION\r\n2.0 with Multi-Zone Addressable LED Light Show Design, Support Addressable LED\r\n&amp; RGB LED Strips</li><li>Smart Fan 5\r\nFeatures Multiple Temperature Sensors , Hybrid Fan Headers with FAN STOP and\r\nNoise Detection</li><li>Q-Flash\r\nPlus Update BIOS without Installing the CPU, Memory and Graphics Card</li></ul><h3><br></h3>                                                                                                            ', '2020-12-16 13:18:51'),
(2, 6, 4, 'Ryze 5 3600', '0074.png', 23, 955.0000, 250, '                                                                                                                                                                <ul><li>WQEQWEQWEQW</li><li>dato globito</li></ul>                                                                                                                                                ', '2020-12-16 11:45:17'),
(3, 16, 6, 'ALIENWARE M15 R3 GAMING LAPTOP', '4996.webp', 8, 950.0000, 899, '                                                                                                                                                                                                                                                                                                                                <h2 class=\"hidden-xs\" style=\"margin-bottom: 10px; line-height: 1.25; color: rgb(68, 68, 68); font-family: \"Open Sans\", Arial, Helvetica, sans-serif; font-weight: 700 !important; font-size: 20px !important; text-transform: uppercase !important;\">THIN OUT THE COMPETITION</h2><div><span style=\"color: rgb(68, 68, 68); font-family: \"Open Sans\", Arial, Helvetica, sans-serif; font-size: 14px;\">Alienware’s most thin and powerful 15\" laptop ever. Now with the option for up to 10</span><span style=\"font-size: 10.5px; line-height: 0; position: relative; vertical-align: baseline; top: -0.5em; color: rgb(68, 68, 68); font-family: \"Open Sans\", Arial, Helvetica, sans-serif;\">th</span><span style=\"color: rgb(68, 68, 68); font-family: \"Open Sans\", Arial, Helvetica, sans-serif; font-size: 14px;\"> gen Intel</span><span style=\"font-size: 10.5px; line-height: 0; position: relative; vertical-align: baseline; top: -0.5em; color: rgb(68, 68, 68); font-family: \"Open Sans\", Arial, Helvetica, sans-serif;\">®</span><span style=\"color: rgb(68, 68, 68); font-family: \"Open Sans\", Arial, Helvetica, sans-serif; font-size: 14px;\"> Core™ i9k processors with up to 12-phase HyperEfficient Voltage regulation.</span><br></div>                                                                                                                                                                                                                                                                                                ', '2020-12-16 12:37:50'),
(4, 16, 6, 'ALIENWARE M17 R3 GAMING LAPTOP', '0855.webp', 5, 1599.9900, 1666.99, '                                                                                <h1 class=\"cf-pg-title\" style=\"font-size: 30px; margin: 55px 0px 0px; font-weight: 700; line-height: 36px; position: relative; text-align: center; text-transform: uppercase; color: rgb(68, 68, 68); font-family: &quot;Open Sans&quot;, Arial, Helvetica, sans-serif;\"><span style=\"background-image: initial; background-position: initial; background-size: initial; background-repeat: initial; background-attachment: initial; background-origin: initial; background-clip: initial; max-width: 100%; display: inline-block;\">ALIENWARE M17 R3 GAMING LAPTOP</span></h1><h1 class=\"cf-pg-title\" style=\"font-size: 30px; margin: 55px 0px 0px; font-weight: 700; line-height: 36px; position: relative; text-align: center; text-transform: uppercase; color: rgb(68, 68, 68); font-family: &quot;Open Sans&quot;, Arial, Helvetica, sans-serif;\"><span style=\"background-image: initial; background-position: initial; background-size: initial; background-repeat: initial; background-attachment: initial; background-origin: initial; background-clip: initial; max-width: 100%; display: inline-block;\"><ul class=\"cf-hero-bts-list\" style=\"font-size: 14px; list-style: none; margin-right: 0px; margin-bottom: 0px; margin-left: 0px; padding: 10px 0px; font-weight: 400; text-align: start; text-transform: none;\"><li style=\"-webkit-box-align: center; align-items: center; display: flex; line-height: 1.2; margin-bottom: 10px; padding: 0px;\"><p style=\"margin-right: 0px; margin-bottom: 0px; margin-left: 0px; flex-shrink: 1;\">10th Generation Intel® Core™ i7-10750H (6-Core, 12MB Cache, up to 5.0GHz w/ Turbo Boost 2.0)</p></li><li style=\"-webkit-box-align: center; align-items: center; display: flex; line-height: 1.2; margin-bottom: 10px; padding: 0px;\"><div class=\"cf-hero-bts-img-wrap\" style=\"margin-right: 10px; min-width: 20px; width: 20px;\"><img src=\"https://afcs.dellcdn.com/csb/configux/bundles/1.0.5.21409/images/laptop-blk.svg\" alt=\"laptop\" style=\"border-width: 0px; border-color: initial; border-image: initial; max-width: none; max-height: 20px; width: 20px;\"></div><p style=\"margin-right: 0px; margin-bottom: 0px; margin-left: 0px; flex-shrink: 1;\">Windows 10 Home, 64-bit, English</p></li><li style=\"-webkit-box-align: center; align-items: center; display: flex; line-height: 1.2; margin-bottom: 10px; padding: 0px;\"><div class=\"cf-hero-bts-img-wrap\" style=\"margin-right: 10px; min-width: 20px; width: 20px;\"><img src=\"https://afcs.dellcdn.com/csb/configux/bundles/1.0.5.21409/images/videocard-blk.svg\" alt=\"videocard\" style=\"border-width: 0px; border-color: initial; border-image: initial; max-width: none; max-height: 20px; width: 20px;\"></div><p style=\"margin-right: 0px; margin-bottom: 0px; margin-left: 0px; flex-shrink: 1;\">AMD Radeon™ RX 5500M 4GB GDDR6</p></li><li style=\"-webkit-box-align: center; align-items: center; display: flex; line-height: 1.2; margin-bottom: 10px; padding: 0px;\"><div class=\"cf-hero-bts-img-wrap\" style=\"margin-right: 10px; min-width: 20px; width: 20px;\"><img src=\"https://afcs.dellcdn.com/csb/configux/bundles/1.0.5.21409/images/memory-blk.svg\" alt=\"memory\" style=\"border-width: 0px; border-color: initial; border-image: initial; max-width: none; max-height: 20px; width: 20px;\"></div><p style=\"margin-right: 0px; margin-bottom: 0px; margin-left: 0px; flex-shrink: 1;\">16GB DDR4 2666MHz</p></li><li style=\"-webkit-box-align: center; align-items: center; display: flex; line-height: 1.2; margin-bottom: 10px; padding: 0px;\"><div class=\"cf-hero-bts-img-wrap\" style=\"margin-right: 10px; min-width: 20px; width: 20px;\"><img src=\"https://afcs.dellcdn.com/csb/configux/bundles/1.0.5.21409/images/harddrive-blk.svg\" alt=\"harddrive\" style=\"border-width: 0px; border-color: initial; border-image: initial; max-width: none; max-height: 20px; width: 20px;\"></div><p style=\"margin-right: 0px; margin-bottom: 0px; margin-left: 0px; flex-shrink: 1;\">256GB PCIe M.2 SSD</p></li><li style=\"-webkit-box-align: center; align-items: center; display: flex; line-height: 1.2; margin-bottom: 10px; padding: 0px;\"><div class=\"cf-hero-bts-img-wrap\" style=\"margin-right: 10px; min-width: 20px; width: 20px;\"><img src=\"https://afcs.dellcdn.com/csb/configux/bundles/1.0.5.21409/images/color-blk.svg\" alt=\"color\" style=\"border-width: 0px; border-color: initial; border-image: initial; max-width: none; max-height: 20px; width: 20px;\"></div><p style=\"margin-right: 0px; margin-bottom: 0px; margin-left: 0px; flex-shrink: 1;\">Dark Side of the Moon with High Endurance Clear Coat</p></li><li class=\"cf-ports-and-slots\" style=\"-webkit-box-align: center; align-items: center; display: flex; line-height: 1.2; margin-bottom: 10px; padding: 0px;\"><div class=\"cf-hero-bts-img-wrap\" style=\"margin-right: 10px; min-width: 20px; width: 20px;\"><img src=\"https://afcs.dellcdn.com/csb/configux/bundles/1.0.5.21409/images/ports-blk.svg\" alt=\"\" style=\"border-width: 0px; border-color: initial; border-image: initial; max-width: none; max-height: 20px; width: 20px;\"></div><p style=\"margin-right: 0px; margin-bottom: 0px; margin-left: 0px; flex-shrink: 1;\"><a data-metrics=\"{&quot;btnname&quot;:&quot;portsandslots&quot;}\" js-ports-and-slots-modal=\"\" style=\"color: rgb(0, 107, 189);\">Ports &amp; Slots</a></p></li></ul></span></h1>                                                                        ', '2020-12-13 16:58:17'),
(6, 16, 2, 'Lenovo Legion Y540 (15.6”, Intel)', '5687.webp', 12, 1250.9900, 1350.99, '                                        <h2 class=\"tabbedBrowse-title\" style=\"box-sizing: inherit; padding: 25px 0px 0px; margin-right: 0px; margin-bottom: 0px; margin-left: 0px; font-size: 1.1rem; font-weight: bold; background-image: initial; background-position: initial; background-size: initial; background-repeat: initial; background-attachment: initial; background-origin: initial; background-clip: initial; visibility: hidden; font-family: Lato, Helvetica, Arial, sans-serif;\"><span class=\"tabbedBrowse-currentTab\" style=\"box-sizing: inherit; border: 0px; display: block; margin: -1em 0px 0.3em; padding: 0px; font-family: Lato, Arial, Helvetica, sans-serif; font-size: 36px; font-weight: 300; visibility: visible; line-height: 1em; max-width: max-content !important;\"><font color=\"#000000\" style=\"background-color: rgb(255, 255, 255);\">Características</font></span></h2><p class=\"features-disclaimer\" style=\"box-sizing: inherit; font-family: Lato, Helvetica, Arial, sans-serif; padding-left: 14px; font-size: 0.9em; line-height: 1.1em; font-style: italic;\"><font color=\"#000000\" style=\"background-color: rgb(255, 255, 255);\">Las características de cada producto pueden variar según el país de adquisición del mismo, por lo que la siguiente descripción no debe ser interpretada como un compromiso contractual. Te invitamos a revisar las características específicas para cada producto antes de realizar la compra online en la sección \'Ver Modelos\' de esta misma página, o con un asesor de ventas si es en una tienda física.</font></p>                                    ', '2020-12-13 17:04:56'),
(7, 3, 5, 'ROG Strix Helios GX601 RGB Mid-Tower Computer Case', '3953.jpg', 47, 300.0000, 500, '<ul class=\"a-unordered-list a-vertical a-spacing-mini\" style=\"margin-right: 0px; margin-bottom: 0px; margin-left: 18px; color: rgb(17, 17, 17); padding: 0px; font-family: &quot;Amazon Ember&quot;, Arial, sans-serif; font-size: 14px;\"><li style=\"list-style: disc; overflow-wrap: break-word; margin: 0px;\"><span class=\"a-list-item\">Torre media con soporte para placas base EATX con un chasis de metal, paneles laterales ahumados de 0.157&nbsp;in de grosor, tres filtros de polvo fáciles de limpiar y espacio para 9 unidades de almacenamiento.</span></li><li style=\"list-style: disc; overflow-wrap: break-word; margin: 0px;\"><span class=\"a-list-item\">La gestión de cables premium incluye panel trasero translúcido, cubierta multifunción ajustable con soportes de soporte GPU y cables de chasis preoperados.</span></li><li style=\"list-style: disc; overflow-wrap: break-word; margin: 0px;\"><span class=\"a-list-item\">Mantente fresco con el concentrador de ventilador integrado, cuatro ventiladores de 5.512&nbsp;in y hasta siete puntos de montaje opcionales.</span></li><li style=\"list-style: disc; overflow-wrap: break-word; margin: 0px;\"><span class=\"a-list-item\">Custom Liquid Cooling Ready cuenta con un soporte de montaje de bomba de agua/depósito y soporte para radiadores de hasta 16.535&nbsp;in de longitud y 3.543&nbsp;in de grosor (con ventiladores).</span></li><li style=\"list-style: disc; overflow-wrap: break-word; margin: 0px;\"><span class=\"a-list-item\">Las opciones de montaje de tarjeta gráfica incluyen hasta 2 tarjetas gráficas montadas verticalmente o 3 tarjetas gráficas montadas horizontalmente utilizando las 7 ranuras de expansión.</span></li></ul>', '2020-12-16 12:13:43'),
(8, 3, 5, 'iCUE 4000X RGB Mid-Tower ATX', '5399.jpg', 33, 199.9900, 300, '<ul class=\"a-unordered-list a-vertical a-spacing-mini\" style=\"margin-right: 0px; margin-bottom: 0px; margin-left: 18px; color: rgb(17, 17, 17); padding: 0px; font-family: &quot;Amazon Ember&quot;, Arial, sans-serif; font-size: 14px;\"><li style=\"list-style: disc; overflow-wrap: break-word; margin: 0px;\"><span class=\"a-list-item\">Combinando elegante cristal templado, iluminación RGB personalizable, gestión innovadora de cables y flujo de aire concentrado, elija el RGB 4000X para un PC de alto rendimiento único.</span></li><li style=\"list-style: disc; overflow-wrap: break-word; margin: 0px;\"><span class=\"a-list-item\">Muestra tus componentes e iluminación RGB con paneles frontales y laterales de vidrio templado, construidos con canales de ventilación frontales dedicados para un amplio flujo de aire.</span></li><li style=\"list-style: disc; overflow-wrap: break-word; margin: 0px;\"><span class=\"a-list-item\">El sistema de gestión de cables CORSAIR RapidRoute hace que sea sencillo y rápido construir un sistema impecable de aspecto profesional con cables principales perfectamente enrutados a través de un solo canal, con un espacioso espacio de 0.984&nbsp;in detrás de la placa base para todos sus cables.</span></li><li style=\"list-style: disc; overflow-wrap: break-word; margin: 0px;\"><span class=\"a-list-item\">Incluye tres ventiladores Corsair de 4.724&nbsp;in AirGuide RGB, utilizando paletas anti-vórtice para concentrar el flujo de aire y mejorar la refrigeración. Cada ventilador está equipado con ocho LED RGB orientables individualmente para una iluminación personalizable brillante.</span></li><li style=\"list-style: disc; overflow-wrap: break-word; margin: 0px;\"><span class=\"a-list-item\">Controla y sincroniza completamente la iluminación RGB para hasta seis ventiladores con el software iCUE Lighting Node CORE y CORSAIR iCUE.</span></li></ul>', '2020-12-16 12:13:43'),
(9, 3, 5, 'GIGABYTE AORUS C300 GLASS', '3533.png', 38, 99.0000, 165, '<div>Features</div><div>-Full-Size 4mm Tempered Glass Side Panel</div><div>-With HDMI and USB 3.1 Gen2 Type-C on I/O Panel</div><div>-RGB Fusion 2.0 - Synchronize RGB Lighting with other AORUS Devices</div><div>-Support Vertical and Horizontal VGA Installation</div><div>-Liquid Cooling Compatible</div><div>-PSU Shroud Design</div><div>-Detachable Dust Filter</div>', '2020-12-16 12:13:43'),
(10, 1, 5, 'Gigabyte Aorus Gaming Teclado Aorus K7', '0519.jpg', 95, 150.0000, 160, '                                                                                                                        <ul class=\"a-unordered-list a-vertical a-spacing-mini\" style=\"margin-right: 0px; margin-bottom: 0px; margin-left: 18px; color: rgb(17, 17, 17); padding: 0px; font-family: \"Amazon Ember\", Arial, sans-serif; font-size: 14px;\"><li style=\"list-style: disc; overflow-wrap: break-word; margin: 0px;\"><span class=\"a-list-item\">RGB Fusion – por clave 16,8 m personalizables de color</span></li><li style=\"list-style: disc; overflow-wrap: break-word; margin: 0px;\"><span class=\"a-list-item\">Superior Cherry MX key-switch mecánico para gaming</span></li><li style=\"list-style: disc; overflow-wrap: break-word; margin: 0px;\"><span class=\"a-list-item\">Ajustable Pies de goma antideslizantes soportes</span></li><li style=\"list-style: disc; overflow-wrap: break-word; margin: 0px;\"><span class=\"a-list-item\">Sobre la marcha multimedia y control de contraluz</span></li><li style=\"list-style: disc; overflow-wrap: break-word; margin: 0px;\"><span class=\"a-list-item\">Rango completo teclas macro</span></li></ul>                                                                                                            ', '2020-12-16 12:13:42'),
(11, 1, 5, 'GIGABYTE AORUS GK-AORUS K1', '0714.jpg', 43, 170.0000, 99.99, '                                        <ul class=\"a-unordered-list a-vertical a-spacing-mini\" style=\"margin-right: 0px; margin-bottom: 0px; margin-left: 18px; color: rgb(17, 17, 17); padding: 0px; font-family: \"Amazon Ember\", Arial, sans-serif; font-size: 14px;\"><li style=\"list-style: disc; overflow-wrap: break-word; margin: 0px;\"><span class=\"a-list-item\">Ultra durable - 1 ‎00 millones de pulsaciones</span></li><li style=\"list-style: disc; overflow-wrap: break-word; margin: 0px;\"><span class=\"a-list-item\">Retroiluminación RGB completa.</span></li><li style=\"list-style: disc; overflow-wrap: break-word; margin: 0px;\"><span class=\"a-list-item\">Capacidad antifantasma</span></li><li style=\"list-style: disc; overflow-wrap: break-word; margin: 0px;\"><span class=\"a-list-item\">Cable trenzado.</span></li><li style=\"list-style: disc; overflow-wrap: break-word; margin: 0px;\"><span class=\"a-list-item\">Motor AORUS</span></li></ul>                                    ', '2020-12-16 12:13:42'),
(12, 1, 5, 'Teclado mecánico Aorus GK', '0425.jpg', 53, 300.0000, 395, '<ul class=\"a-unordered-list a-vertical a-spacing-mini\" style=\"margin-right: 0px; margin-bottom: 0px; margin-left: 18px; color: rgb(17, 17, 17); padding: 0px; font-family: &quot;Amazon Ember&quot;, Arial, sans-serif; font-size: 14px;\"><li style=\"list-style: disc; overflow-wrap: break-word; margin: 0px;\"><span class=\"a-list-item\">0,03&nbsp;ms debounce tiempo&nbsp;–&nbsp;cuando la velocidad importa</span></li><li style=\"list-style: disc; overflow-wrap: break-word; margin: 0px;\"><span class=\"a-list-item\">Ultra Durable&nbsp;–&nbsp;100&nbsp;millones de pulsaciones</span></li><li style=\"list-style: disc; overflow-wrap: break-word; margin: 0px;\"><span class=\"a-list-item\">A prueba de salpicaduras y chatterproof</span></li><li style=\"list-style: disc; overflow-wrap: break-word; margin: 0px;\"><span class=\"a-list-item\">Exclusivo alta calidad muelles de acero</span></li><li style=\"list-style: disc; overflow-wrap: break-word; margin: 0px;\"><span class=\"a-list-item\">Retroiluminación RGB Full</span></li></ul>', '2020-12-16 12:13:42'),
(13, 2, 5, 'Onboard Gaming Mouse - GM-AORUS M4', '3975.jpg', 119, 50.0000, 80, '<ul class=\"a-unordered-list a-vertical a-spacing-mini\" style=\"margin-right: 0px; margin-bottom: 0px; margin-left: 18px; color: rgb(17, 17, 17); padding: 0px; font-family: &quot;Amazon Ember&quot;, Arial, sans-serif; font-size: 14px;\"><li style=\"list-style: disc; overflow-wrap: break-word; margin: 0px;\"><span class=\"a-list-item\">Ambidextrous design</span></li><li style=\"list-style: disc; overflow-wrap: break-word; margin: 0px;\"><span class=\"a-list-item\">Real 6400 DPI optical engine with 50DPI increment</span></li><li style=\"list-style: disc; overflow-wrap: break-word; margin: 0px;\"><span class=\"a-list-item\">50-Million-click Omron switch</span></li><li style=\"list-style: disc; overflow-wrap: break-word; margin: 0px;\"><span class=\"a-list-item\">Rgb FUSION 2.0 - synchronize with other AORUS devices</span></li><li style=\"list-style: disc; overflow-wrap: break-word; margin: 0px;\"><span class=\"a-list-item\">Fully programmable buttons and saved onboard</span></li></ul>', '2020-12-16 11:32:44'),
(14, 2, 5, 'Gigabyte AORUS M5', '4083.jpg', 150, 76.0000, 100, '<ul class=\"a-unordered-list a-vertical a-spacing-mini\" style=\"margin-right: 0px; margin-bottom: 0px; margin-left: 18px; color: rgb(17, 17, 17); padding: 0px; font-family: &quot;Amazon Ember&quot;, Arial, sans-serif; font-size: 14px;\"><li style=\"list-style: disc; overflow-wrap: break-word; margin: 0px;\"><span class=\"a-list-item\">Real 16000 dpi Optical Sensor (Pixart 3389)</span></li><li style=\"list-style: disc; overflow-wrap: break-word; margin: 0px;\"><span class=\"a-list-item\">Up to 400ips and 50G acceleration</span></li><li style=\"list-style: disc; overflow-wrap: break-word; margin: 0px;\"><span class=\"a-list-item\">Adjustable Weight and Balance</span></li><li style=\"list-style: disc; overflow-wrap: break-word; margin: 0px;\"><span class=\"a-list-item\">50-million-click Omron Switch</span></li><li style=\"list-style: disc; overflow-wrap: break-word; margin: 0px;\"><span class=\"a-list-item\">RGB Fusion-16. 7M Customizable Lighting</span></li></ul>', '2020-12-13 16:04:40'),
(15, 2, 5, 'Mouse GM-AORUS M2', '2239.jpg', 150, 37.0000, 55, '<ul class=\"a-unordered-list a-vertical a-spacing-mini\" style=\"margin-right: 0px; margin-bottom: 0px; margin-left: 18px; color: rgb(17, 17, 17); padding: 0px; font-family: &quot;Amazon Ember&quot;, Arial, sans-serif; font-size: 14px;\"><li style=\"list-style: disc; overflow-wrap: break-word; margin: 0px;\"><span class=\"a-list-item\">Motor óptico Arouse M2 preciso de 6200 DPI.</span></li><li style=\"list-style: disc; overflow-wrap: break-word; margin: 0px;\"><span class=\"a-list-item\">Ligero grado deportivo.</span></li><li style=\"list-style: disc; overflow-wrap: break-word; margin: 0px;\"><span class=\"a-list-item\">Diseño ambidiestro y interruptor Omron de 50 millones de clic.</span></li><li style=\"list-style: disc; overflow-wrap: break-word; margin: 0px;\"><span class=\"a-list-item\">RGB Fusion 2. 0</span></li></ul>', '2020-12-13 16:06:22'),
(16, 4, 7, 'Kingston Technology HyperX Impact - Tarjeta de memoria ', '3111.jpg', 30, 50.0000, 55, ' Potente rendimiento SODIMM: maximiza tu memoria y obtén un impulso a tu multitarea y renderizado de juegos.\r\nFunción de overclocking automático Plug N Play - Impact DDR4 se overclocking automáticamente a la frecuencia publicada más alta.\r\nPerfiles Intel XMP-Ready - Nuestros ingenieros tienen perfiles de memoria Intel Extreme predefinidos diseñados para maximizar el rendimiento de nuestros módulos de memoria alcanzando velocidades de hasta 3200 MHz.\r\nPreparado para AMD Ryzen - Obtenga memoria que se integrará perfectamente con su sistema compatible con SODIMM basado en AMD Un aumento de rendimiento compatible fiable para su construcción\r\nMayor rendimiento con bajo consumo de energía: ejecute su sistema de forma fría y eficiente con el bajo consumo de energía de 1 2 V de Impact DDR4.', '2020-12-13 21:28:31'),
(19, 4, 8, 'Crucial Ballistix - Kit de memoria para juegos de PC, luces RGB, 3000 MHz, DDR4 DRAM, 16 GB ', '0878.jpg', 24, 70.0000, 75, ' Ideal para jugadores y entusiastas del rendimiento.\r\nPersonaliza el esquema de color de tu equipo con 16 LED RGB en 8 zonas en cada módulo.\r\nCompatible con Asus Aura, MSI Mystic Light, Gigabyte AORUS Graphics Engine, y más.\r\nSoporte XMP 2.0 para overclocking automático, o ejecutar en el perfil predeterminado JEDEC.\r\nModerno disipador de calor de aluminio disponible en varios colores para que coincida con tu sistema de construcción o estilo. ', '2020-12-13 22:45:04'),
(20, 4, 9, 'G.Skill Trident Z Neo Series F4-3600C16D-32GTZNC - Memoria SDRAM de 32 GB (2 x 16 GB, 288 pines, DDR4, 3600 MHz, CL16-19-39, 1,35 V)', '0393.jpg', 19, 55.0000, 55, ' Trident Z Neo Series, diseñado específicamente para AMD Ryzen 3000, X570 Series\r\nKit de 32 GB que contiene 2 módulos de 16 GB.\r\nVelocidad de memoria de 3600 MHz, PC4-28800, 288 pines.\r\nLatencia CAS CL16 (16-19-19-39) a 1.35V\r\nEquipado con disipadores de calor Trident Z Neo RGB. No solo mantienen tu RAM fresca, también se ven increíbles. ', '2020-12-13 22:45:04'),
(21, 5, 10, 'APC UPS, 600VA UPS Battery Backup & Surge Protector, BE600M1 Backup Battery Power Supply, USB Charger, Back-UPS Series Uninterruptible Power Supply', '5861.jpg', 14, 45.0000, 48, ' Fuente de alimentación de batería de reserva de 600 VA/330 W.\r\n7 tomas (NEMA 5-15R): 5 baterías de respaldo con salidas de protección contra sobretensiones y 2 salidas de protección contra sobretensiones solamente.\r\nUn puerto de carga USB (1,5 A) para teléfonos móviles y otros dispositivos electrónicos portátiles.\r\nCable de alimentación de 5 pies, enchufe de pared de 3 clavijas en ángulo recto (NEMA 5-15P), montaje en pared, además de software de gestión de energía para PC Windows (Mac OS utiliza ajustes nativos de \"ahorro de energía\").\r\nBatería reemplazable: la batería se puede reemplazar cuando sea necesario con el modelo RBC APCRBC154 (se vende por separado).\r\nRespaldado por la garantía de 3 años de APC, además de una política de equipos conectados de $75.000 ', '2020-12-13 22:45:04'),
(22, 5, 12, 'CyberPower ST425 Sistema UPS en espera, 425VA/260W, 8 tomacorrientes, compacto ', '2457.jpg', 15, 35.0000, 40, ' Sistema de fuente de alimentación ininterrumpida de reserva de batería de reserva de 425VA/260W (UPS)\r\n8 tomas NEMA 5-15R: (4) salidas protegidas contra sobretensiones y copias de seguridad, cuatro salidas protegidas contra sobretensiones protegen las necesidades de la oficina en casa y entretenimiento, incluyendo ordenadores, consolas de juegos y routers de banda ancha.\r\nCaracterísticas adicionales: la luz LED de estado indica el encendido y el fallo del cableado, tomas espaciadas por transformador. Cable de 4.9 ft con enchufe NEMA 5-15P.\r\nGreenPower UPS diseño de alta eficiencia: reduce el consumo de energía mediante el uso de un cargador compacto e inversor de potencia para crear un sistema de alimentación de respaldo ultra eficiente para uso doméstico y de oficina.\r\n3 años de garantía incluyendo la batería; $75,000 equipo conectado garantía ', '2020-12-13 21:51:24'),
(23, 5, 12, 'UPC apcrbc116-upc – Batería de repuesto para APC RBC116 ', '2444.jpg', 20, 45.0000, 45, ' Comprar sólo UPC productos. productos fabricados por UPC dice \"barcos de original y se vende por UPC\" sólo.\r\nCerrado y prueba de fugas de batería fabricado en Estados Unidos.\r\nPlug & Play con duración de batería en espera de 3 – 5-years\r\nSuministro de energía de emergencia para ordenadores, centros de datos, dispositivos de telecomunicaciones y otros equipos eléctricos\r\nIncluye 2 años de garantía en todos los productos de upc-branded si comprado directamente UPC ', '2020-12-13 21:53:24'),
(24, 6, 13, 'Procesador Intel Core i9-9900K de sobremesa de 8 núcleos de hasta 5.0GHz desbloqueado LGA1151 serie 300 95W (BX806849900K) ', '2212.jpg', 22, 310.0000, 315, ' 8 núcleos/16 hilos.\r\nHasta 5.0 GHz desbloqueado.\r\nCompatible con placas base Intel 300 Series chipset.\r\nCompatible con la tecnología Intel Turbo Boost.\r\nSoporta memoria Intel Optane, no incluye solución térmica. ', '2020-12-16 12:21:34'),
(25, 6, 13, 'Procesador Intel Core i7-10700K para equipos de sobremesa de 8 núcleos de hasta 5,1 GHz LGA1200 (chipset Intel serie 400) 125 W (BX8070110700K)', '4552.jpg', 23, 400.0000, 400, ' 8 núcleos / 16 hilos.\r\nTipo de casquillo: LGA 1200.\r\nDesbloqueado de hasta 5,1 GHz.\r\nCompatible con placas base basadas en chipset Intel 400.\r\nCompatible con tecnología Intel Turbo Boost Max 3.0.\r\nCompatible con memoria Intel Optane. ', '2020-12-16 12:21:34'),
(27, 7, 14, 'PNY GeForce GTX 1080 Founders Edition - VCGGTX10808PB-CG tarjeta de video', '2915.jpg', 24, 450.0000, 455, ' Base Clock: 1709 MHz / Boost Clock: 1848 MHz\r\nPNY factory overclocked – no additional software required\r\nXLR8 Triple Fan Cooler with Red LEDs\r\nFull-length anodized aluminum back plate\r\nFree U.S. based technical support and backed by a 3-year warranty\r\nExperience next-gen gaming with Virtual Reality\r\nForm Factor: Plug-in Card ', '2020-12-13 22:06:29'),
(29, 7, 14, 'Tarjeta gráfica Gigabyte GeForce GTX 1660 Super Gaming OC 6G, 3 ventiladores Windforce, 6 GB 192 bits GDDR6, Gv-N166SGAMING OC-6GD', '242.jpg', 30, 570.0000, 530, '                                         Equipado con GeForce GTX 1660 Super integrado con 6 GB GDDR6\r\nSistema de refrigeración Windforce 3x con ventiladores giratorios alternativos.\r\nControles intuitivos con motor AORUS\r\n6 GB 192 bits GDDR6.\r\n1 x HDMI, 3 x DisplayPort\r\nPci Express 3.0 x16.                                     ', '2020-12-13 22:17:24'),
(30, 7, 14, 'MSI Gaming GeForce GTX 1660 Ti 192-bit HDMI/DP 6GB GDRR6 HDCP Support DirectX 12 Dual Fan VR Ready OC tarjeta gráfica (GTX 1660 TI Gaming X 6G) (Renovado) ', '0254.jpg', 30, 560.0000, 555, '                                        Este producto seminuevo ha sido inspeccionado, probado y limpiado profesionalmente por proveedores calificados de Amazon.\r\n- No habrá imperfecciones estéticas visibles cuando se sostenga a un brazo de distancia.\r\n- Los productos con baterías superarán el 80% de capacidad con respecto a la nueva.\r\n- Es posible que los accesorios no sean originales, pero serán compatibles y totalmente funcionales. El producto puede venir en una caja genérica.\r\n- Este producto es elegible para un reemplazo o reembolso dentro de los 90 días siguientes a su recepción si no estás satisfecho/a con la Garantía de Amazon Renewed                                    ', '2020-12-13 22:20:02'),
(31, 8, 15, 'Sceptre 34 pulgadas curvada UltraWide 21: 9 Creative LED Monitor 2560x1080 HDMI DisplayPort sin marco hasta 100Hz, máquina negra 2020 (C345W-2560UN) ', '0819.jpg', 20, 340.0000, 350, '                                         Ultra ancho ultra delgado curvado 21 9 sumerge la atención de un público más grande con una pantalla de 34 pulgadas que se asemeja con precisión a los contornos del ojo humano.\r\nTiempo de respuesta rápido para jugar juegos de acción rápida y ver películas de aventura de acción siempre requieren una respuesta rápida y precisa de píxeles de un LED. Con tiempos de respuesta rápida se reducen el efecto fantasma y el borroso para que el usuario pueda disfrutar de la pantalla con claridad y precisión.\r\nCurvatura 1500R, el diseño curvo de 1500R te sumerge completamente en el paisaje de juego, lo que te permite ver todas las amenazas y oportunidades antes de todos tus competidores.\r\nAdaptive Sync Adaptive Sync es una tecnología que cierra la brecha entre la tarjeta gráfica y las tasas de actualización del monitor, eliminando el desgarro de la imagen y el tartamudeo en el proceso.\r\nVelocidad de actualización de hasta 100 Hz con imágenes de frecuencia de actualización de 100 Hz que cambian más rápido y más suave que el estándar reduciendo el desgarro de la pantalla. Brillo: 320 cd/m2.\r\nEl cambio de luz azul reduce tus monitores. La luz azul te protege de la fatiga ocular irritada y tensiones. Esto te permite trabajar en tus documentos, ver películas o jugar juegos más cómodamente durante largos períodos.\r\nDiseño sin bordes que te sumerge completamente en toda la acción cautivadora y maravilloso paisaje que la resolución de 2560 x 1080 y la frecuencia de actualización de 85 Hz tienen que ofrecer.                                     ', '2020-12-13 22:24:53'),
(34, 8, 16, 'Monitor LED de 21.5 pulgadas, de la marca Samsung, serie CF390, modelo LC22F390FHXZA, Negro 24 - pulgadas ', '3143.jpg', 30, 226.0000, 270, ' 1800R curvature for an immersive viewing experience\r\nGlossy black, ultra slim design;Product Dimensions With Stand(inches): 21.6 x 16.5 x 8.1 inches Product Dimensions Without Stand(Inches): 21.6 x 12.8 x 3.4 inches\r\nAMD FreeSync and Game Mode; Power Supply Type: AC 100~240 Volts\r\nEco friendly with power saving; Mac compatible : Yes ', '2020-12-13 22:31:31'),
(35, 8, 15, 'Philips 226E9QDSB 22 pulgadas Monitor sin marco, Full HD IPS, FreeSync 75Hz, VESA, Negro', '4944.jpg', 30, 360.0000, 350, '                                         Monitor LCD de 27 pulgadas con Full HD 1920 x 1080.\r\nPanel IPS para ángulos de visión amplios y colores completos. Brillo: 250 cd/m². Producto con soporte (mm): 24.173 x 18.307 x 8.661 in. Producto sin soporte (mm): 24.173 x 14.449 x 1.575 in.\r\nTecnología Philip Ultra Wide Color con 124% sRGB y 93% cobertura de gama de colores NTSC.\r\nLa tecnología Free Sync proporciona un rendimiento fluido y sin artefactos.\r\nConectividad HDMI, DVI-D, VGA y salida de audio. Frecuencia de escaneo – 38 – 89 kHz (H) / 50 – 75 Hz (V)\r\n4 años con política de reemplazo de 4 años de anticipación (para modelos vendidos en nosotros)                                    ', '2020-12-13 22:34:49'),
(36, 9, 10, 'AICHESON - Almohadilla de refrigeración para portátil con luces RGB para ordenadores de 14 a 17,3 pulgadas, panel de metal, 1 ventilador grande ', '1323.jpg', 19, 30.0000, 35, ' Luces RGB: esta almohadilla de refrigeración para portátil está construida con luces RGB en la parte superior e inferior, 10 modos para ajustar, cuando la luz está encendida, la luz es muy fresca y te trae a un juego o un mundo hermoso y que se puede encender o apagar por separado.\r\nPanel de metal: este enfriador de portátil está estructurado con un gran panel de metal, que aumentará en gran medida la disipación de calor, tamaño de 15.75 x 11.77 x 1.2 pulgadas, y pesa 1.86 libras, y el soporte de ventilador de refrigeración para portátil es compatible con casi grandes portátiles de 14 a 18 pulgadas.\r\nSoporte ergonómico: en la parte posterior de la almohadilla de refrigeración para portátil, hay una combinación de soporte y soporte para que puedas ajustar de acuerdo a tus necesidades. 7 soportes diferentes de 10 grados a 30 grados elevando toda la altura de 2.6 in a 6.1 in te guiarán un estilo saludable.\r\nDeflector antideslizante: 1 deflector desmontable en la parte posterior de la parte inferior es extraíble y oculto, y la almohadilla antideslizante tiene 2 inserciones diferentes para ser compatible con portátiles de diferentes grosores.\r\nInterruptor separado: hay un botón de luz para encendido y apagado, 2 puertos USB para la conexión, 1 botón interruptor para ajustar la velocidad del ventilador en la parte superior. Abre las luces cuando juegas, apágalas mientras trabajas o ves un vídeo. ', '2020-12-16 12:14:34'),
(37, 9, 10, 'MSI MAG CORELIQUID 240R – AIO RGB CPU Liquid Cooler – Diseño de tapa giratoria – Radiador de 9.449 in – Ventiladores RGB PWM de 4.724 in. ', '4342.jpg', 28, 109.0000, 111, ' Sistema de refrigeración líquida: el Cooler Master LC240E ofrece una cocción eficiente con nuestros ventiladores de doble bomba de 120 milímetros; mantiene tu sistema funcionando eficazmente, incluso en los tiempos de carga alta; flujo de aire: 66,7 CFM; nivel de ruido: 31,5 decibelios.\r\nCámara dual: nuestra bomba de doble cámara de perfil bajo ofrece un rendimiento considerable que sobresale sobre la tecnología de última generación.\r\nVentiladores de 120 milímetros: refrigeración silenciosa a una velocidad eficiente.\r\nTubo de funda: tubo reforzado FEP para mantener el tubo libre de torceduras y el líquido fluye a tu CPU.\r\nControlador RGB: te permite personalizar colores y efectos de luz.\r\nSoporte de CPU: Intel: LGA2066, LGA2011 v3, LGA2011, LGA1151, LGA1150, LGA1156, LGA1155, LGA1366, AMD: AM4, AM3+, AM3, AM2+, AM2, FM2+, FM2, FM1. ', '2020-12-16 12:16:33'),
(38, 9, 10, 'Enfriador híper compacto con doble tubería de contacto directo Cooler Master CPU , Hyper 212 LED ', '2197.jpg', 18, 40.0000, 35, '                                         Four direct contact heat pipes for continuous contact between CPU and cooler; Air flow: 66.3 CFM; Noise level:31.0 decibels\r\nUpgradable to Dual fans with quick snap fan bracket; Fan Dimensions (L x W x H) 4.7 x 4.7 x 0.9 inches; Heat Sink Dimensions (L x W x H) 4.5 x 2.3 x 6.2 inches\r\nQuiet Spin exclusive technology stabilizes the driver that spins the blades, reducing clicks and noisy vibrations\r\nWide range PWM fan with unique blade design and Red LEDs\r\nVersatile all in 1 mounting solution for Intel and AMD Sockets, and optimized bracket design for Easy installation                                     ', '2020-12-16 12:14:34');
INSERT INTO `productos` (`id_producto`, `id_categoria`, `id_marca_producto`, `NombreProducto`, `imagen`, `cantidad`, `precioVenta`, `precioCompra`, `detalles`, `fechaCompra`) VALUES
(40, 10, 16, 'MOTHERBOARD GAMER', '4560.jpg', 30, 99.0000, 199, '                                        <h1 id=\"title\" class=\"a-size-large a-spacing-none\" style=\"padding: 0px; margin-right: 0px; margin-left: 0px; text-rendering: optimizelegibility; color: rgb(15, 17, 17); font-family: \"Amazon Ember\", Arial, sans-serif; margin-bottom: 0px !important; font-size: 24px !important; line-height: 32px !important;\"><span id=\"productTitle\" class=\"a-size-large product-title-word-break\" style=\"text-rendering: optimizelegibility; word-break: break-word; line-height: 32px !important;\">MSI Performance GAMING AMD X470 - Tarjeta madre Ryzen 2 AM4 DDR4 con gráficos CFX ATX</span></h1><h1 id=\"title\" class=\"a-size-large a-spacing-none\" style=\"padding: 0px; margin-right: 0px; margin-left: 0px; text-rendering: optimizelegibility; color: rgb(15, 17, 17); font-family: \"Amazon Ember\", Arial, sans-serif; margin-bottom: 0px !important; font-size: 24px !important; line-height: 32px !important;\"><span id=\"productTitle\" class=\"a-size-large product-title-word-break\" style=\"text-rendering: optimizelegibility; word-break: break-word; line-height: 32px !important;\"><div id=\"twister_feature_div\" class=\"celwidget\" data-feature-name=\"twister\" data-csa-c-id=\"kt5x0w-m9asif-unwpas-gxhmo9\" data-cel-widget=\"twister_feature_div\" style=\"font-size: 14px;\"><div id=\"twisterContainer\" class=\"addTwisterMargin\" style=\"margin-top: 10px; max-width: none;\"><div class=\"a-section\" style=\"margin-bottom: 0px;\"><form id=\"twister\" method=\"post\" action=\"https://www.amazon.com/gp/product/handle-buy-box/ref=dp_start-bbf_1_glance\" class=\"a-spacing-small\" style=\"margin-bottom: 8px !important;\"><div id=\"variation_style_name\" class=\"a-section a-spacing-small\" style=\"margin-bottom: 22px;\"><div class=\"a-row\" style=\"width: 366.812px;\"><span class=\"a-truncate\" data-a-word-break=\"normal\" data-a-max-rows=\"1\" data-a-overflow-marker=\"&hellip;\" data-a-manual-update=\"true\" style=\"display: inline-block; position: relative; width: 366.812px; overflow: hidden; word-break: normal; max-height: 1.3em; line-height: 1.3em !important;\"><span class=\"a-truncate-full\" style=\"display: inline-block; width: 366.812px;\"><label class=\"a-form-label\" style=\"display: inline; padding-left: 2px; padding-bottom: 2px; color: rgb(136, 136, 136);\">Estilo: </label><span class=\"selection\" style=\"font-weight: 700;\">X470 GAMING PLUS MAX</span></span></span></div><ul class=\"a-unordered-list a-nostyle a-button-list a-declarative a-button-toggle-group a-horizontal a-spacing-top-micro swatches swatchesSquare\" role=\"radiogroup\" data-action=\"a-button-group\" data-a-button-group=\"{\"name\":\"twister_style_name\"}\" style=\"margin-right: 0px; margin-bottom: 0px; margin-left: -6px; color: rgb(17, 17, 17); padding: 0px;\"><li id=\"style_name_0\" title=\"Haz clic para seleccionar X470 GAMING PLUS\" data-defaultasin=\"B07CF31C1Q\" data-dp-url=\"/dp/B07CF31C1Q/ref=twister_B07ZHYD3D8?_encoding=UTF8&psc=1\" class=\"swatchAvailable\" style=\"list-style: none; overflow-wrap: break-word; margin: 4px 0px 4px 6px; display: inline-block; border: 1px solid rgb(224, 224, 224); cursor: pointer; position: relative;\"><span class=\"a-list-item\"><div class=\"tooltip\"><span class=\"a-declarative\" data-action=\"swatchthumb-action\" data-swatchthumb-action=\"{\"dimIndex\":0,\"dimValueIndex\":0}\"><span class=\"a-button a-button-thumbnail a-button-toggle\" id=\"a-autoid-10\" style=\"background-image: initial; background-position: initial; background-size: initial; background-repeat: initial; background-attachment: initial; background-origin: initial; background-clip: initial; border-radius: 2px; border-color: rgb(162, 166, 172); border-style: solid; border-width: 0px; cursor: pointer; display: inline-block; padding: 0px; text-align: center; vertical-align: middle; height: auto; overflow: visible;\"><span class=\"a-button-inner\" style=\"display: block; position: relative; overflow: hidden; height: auto; box-shadow: rgba(255, 255, 255, 0.6) 0px 1px 0px inset; border-radius: 2px; background-image: none; background-position: initial; background-size: initial; background-repeat: initial; background-attachment: initial; background-origin: initial; background-clip: initial; padding: 0px;\"><button class=\"a-button-text\" type=\"button\" aria-label=\"\" id=\"a-autoid-10-announce\" style=\"font-size: 13px; vertical-align: middle; line-height: 19px; border-width: 0px; border-style: initial; border-color: initial; display: block; outline: 0px; padding: 5px 10px 5px 11px; text-align: left; width: 149.031px; height: auto; color: rgb(17, 17, 17);\"><div class=\"\"><div class=\"twisterTextDiv text\"><span class=\"a-size-base\" style=\"font-size: 14px !important; line-height: 20px !important;\">X470 GAMING PLUS</span></div><div class=\" \"></div></div></button></span></span></span></div></span></li> <li id=\"style_name_1\" title=\"Haz clic para seleccionar X470 GAMING PLUS MAX\" data-defaultasin=\"B07Y468HV3\" data-dp-url=\"\" class=\"swatchSelect\" style=\"list-style: none; overflow-wrap: break-word; margin: 4px 0px 4px 6px; display: inline-block; border: 1px solid rgb(228, 121, 17); cursor: pointer; position: relative;\"><span class=\"a-list-item\"><div class=\"tooltip\"><span class=\"a-declarative\" data-action=\"swatchthumb-action\" data-swatchthumb-action=\"{\"dimIndex\":0,\"dimValueIndex\":1}\"><span class=\"a-button a-button-selected a-button-thumbnail a-button-toggle\" id=\"a-autoid-11\" style=\"background-image: initial; background-position: initial; background-size: initial; background-repeat: initial; background-attachment: initial; background-origin: initial; background-clip: initial; border-radius: 2px; border-color: rgb(231, 118, 0); border-style: solid; border-width: 0px; cursor: pointer; display: inline-block; padding: 0px; text-align: center; vertical-align: middle; overflow: visible; height: auto;\"><span class=\"a-button-inner\" style=\"display: block; position: relative; overflow: hidden; height: auto; box-shadow: rgba(255, 255, 255, 0.6) 0px 1px 0px inset; border-radius: 2px; background: none rgb(254, 250, 246); padding: 0px;\"><button class=\"a-button-text\" type=\"button\" aria-label=\"\" id=\"a-autoid-11-announce\" style=\"font-size: 13px; vertical-align: middle; line-height: 19px; border-width: 0px; border-style: initial; border-color: initial; display: block; outline: 0px; padding: 5px 10px 5px 11px; text-align: left; width: 186.672px; height: auto; color: rgb(17, 17, 17); font-weight: 700;\"><div class=\"\"><div class=\"twisterTextDiv text\"><span class=\"a-size-base\" style=\"font-size: 14px !important; line-height: 20px !important;\">X470 GAMING PLUS MAX</span></div><div class=\" \"></div></div></button></span></span></span></div></span></li></ul></div><div id=\"variation_pattern_name\" class=\"a-section a-spacing-small\" style=\"margin-bottom: 0px;\"><div class=\"a-row\" style=\"width: 366.812px;\"><span class=\"a-truncate\" data-a-word-break=\"normal\" data-a-max-rows=\"1\" data-a-overflow-marker=\"&hellip;\" data-a-manual-update=\"true\" data-a-updated=\"true\" style=\"display: inline-block; position: relative; width: 366.812px; overflow: hidden; word-break: normal; max-height: 1.3em; line-height: 1.3em !important;\"><span class=\"a-truncate-full a-offscreen\" style=\"display: inline-block; width: 366.812px; opacity: 0; position: absolute !important; left: 0px !important; bottom: -1px !important; z-index: -1 !important;\"><label class=\"a-form-label\" style=\"display: inline; padding-left: 2px; padding-bottom: 2px; color: rgb(136, 136, 136);\">Nombre del patrón: </label><span class=\"selection\" style=\"font-weight: 700;\">Placa madre</span></span><span class=\"a-truncate-cut\" aria-hidden=\"true\" style=\"display: inline-block; width: 366.812px; height: 1.3em;\"><label class=\"a-form-label\" style=\"display: inline; padding-left: 2px; padding-bottom: 2px; color: rgb(136, 136, 136);\">Nombre del patrón: </label><span class=\"selection\" style=\"font-weight: 700;\">Placa madre</span></span></span></div><ul class=\"a-unordered-list a-nostyle a-button-list a-declarative a-button-toggle-group a-horizontal a-spacing-top-micro swatches swatchesSquare\" role=\"radiogroup\" data-action=\"a-button-group\" data-a-button-group=\"{\"name\":\"twister_pattern_name\"}\" style=\"margin-right: 0px; margin-bottom: 0px; margin-left: -6px; color: rgb(17, 17, 17); padding: 0px;\"><li id=\"pattern_name_0\" title=\"Haz clic para seleccionar Placa madre\" data-defaultasin=\"B07Y468HV3\" data-dp-url=\"\" class=\"swatchSelect\" style=\"list-style: none; overflow-wrap: break-word; margin: 4px 0px 4px 6px; display: inline-block; border: 1px solid rgb(228, 121, 17); cursor: pointer; position: relative;\"><span class=\"a-list-item\"><div class=\"tooltip\"><span class=\"a-declarative\" data-action=\"swatchthumb-action\" data-swatchthumb-action=\"{\"dimIndex\":1,\"dimValueIndex\":0}\"><span class=\"a-button a-button-selected a-button-thumbnail a-button-toggle\" id=\"a-autoid-12\" style=\"background-image: initial; background-position: initial; background-size: initial; background-repeat: initial; background-attachment: initial; background-origin: initial; background-clip: initial; border-radius: 2px; border-color: rgb(231, 118, 0); border-style: solid; border-width: 0px; cursor: pointer; display: inline-block; padding: 0px; text-align: center; vertical-align: middle; overflow: visible; height: auto;\"><span class=\"a-button-inner\" style=\"display: block; position: relative; overflow: hidden; height: auto; box-shadow: rgba(255, 255, 255, 0.6) 0px 1px 0px inset; border-radius: 2px; background: none rgb(254, 250, 246); padding: 0px;\"><button class=\"a-button-text\" type=\"button\" aria-label=\"\" id=\"a-autoid-12-announce\" style=\"font-size: 13px; vertical-align: middle; line-height: 19px; border-width: 0px; border-style: initial; border-color: initial; display: block; outline: 0px; padding: 5px 10px 5px 11px; text-align: left; width: 102.094px; height: auto; color: rgb(17, 17, 17); font-weight: 700;\"><div class=\"\"><div class=\"twisterTextDiv text\"><span class=\"a-size-base\" style=\"font-size: 14px !important; line-height: 20px !important;\">Placa madre</span></div><div class=\" \"></div></div></button></span></span></span></div></span></li> <li id=\"pattern_name_1\" title=\"Haz clic para seleccionar Motherboard + Desktop Memory Kit\" data-defaultasin=\"B08KVPY3D9\" data-dp-url=\"/dp/B08KVPY3D9/ref=twister_B07ZHYD3D8?_encoding=UTF8&psc=1\" class=\"swatchAvailable\" style=\"list-style: none; overflow-wrap: break-word; margin: 4px 0px 4px 6px; display: inline-block; border: 1px solid rgb(224, 224, 224); cursor: pointer; position: relative;\"><span class=\"a-list-item\"><div class=\"tooltip\"><span class=\"a-declarative\" data-action=\"swatchthumb-action\" data-swatchthumb-action=\"{\"dimIndex\":1,\"dimValueIndex\":1}\"><span class=\"a-button a-button-thumbnail a-button-toggle\" id=\"a-autoid-13\" style=\"background-image: initial; background-position: initial; background-size: initial; background-repeat: initial; background-attachment: initial; background-origin: initial; background-clip: initial; border-radius: 2px; border-color: rgb(162, 166, 172); border-style: solid; border-width: 0px; cursor: pointer; display: inline-block; padding: 0px; text-align: center; vertical-align: middle; height: auto; overflow: visible;\"><span class=\"a-button-inner\" style=\"display: block; position: relative; overflow: hidden; height: auto; box-shadow: rgba(255, 255, 255, 0.6) 0px 1px 0px inset; border-radius: 2px; background-image: none; background-position: initial; background-size: initial; background-repeat: initial; background-attachment: initial; background-origin: initial; background-clip: initial; padding: 0px;\"><button class=\"a-button-text\" type=\"button\" aria-label=\"\" id=\"a-autoid-13-announce\" style=\"font-size: 13px; vertical-align: middle; line-height: 19px; border-width: 0px; border-style: initial; border-color: initial; display: block; outline: 0px; padding: 5px 10px 5px 11px; text-align: left; width: 249.703px; height: auto; color: rgb(17, 17, 17);\"><div class=\"\"><div class=\"twisterTextDiv text\"><span class=\"a-size-base\" style=\"font-size: 14px !important; line-height: 20px !important;\">Motherboard + Desktop Memory Kit</span></div><div class=\" \"></div></div></button></span></span></span></div></span></li> <li id=\"pattern_name_2\" title=\"Haz clic para seleccionar Motherboard + PC Gaming Case\" data-defaultasin=\"B08KVPJ7GY\" data-dp-url=\"/dp/B08KVPJ7GY/ref=twister_B07ZHYD3D8?_encoding=UTF8&psc=1\" class=\"swatchAvailable\" style=\"list-style: none; overflow-wrap: break-word; margin: 4px 0px 4px 6px; display: inline-block; border: 1px solid rgb(224, 224, 224); cursor: pointer; position: relative;\"><span class=\"a-list-item\"><div class=\"tooltip\"><span class=\"a-declarative\" data-action=\"swatchthumb-action\" data-swatchthumb-action=\"{\"dimIndex\":1,\"dimValueIndex\":2}\"><span class=\"a-button a-button-thumbnail a-button-toggle\" id=\"a-autoid-14\" style=\"background-image: initial; background-position: initial; background-size: initial; background-repeat: initial; background-attachment: initial; background-origin: initial; background-clip: initial; border-radius: 2px; border-color: rgb(162, 166, 172); border-style: solid; border-width: 0px; cursor: pointer; display: inline-block; padding: 0px; text-align: center; vertical-align: middle; height: auto; overflow: visible;\"><span class=\"a-button-inner\" style=\"display: block; position: relative; overflow: hidden; height: auto; box-shadow: rgba(255, 255, 255, 0.6) 0px 1px 0px inset; border-radius: 2px; background-image: none; background-position: initial; background-size: initial; background-repeat: initial; background-attachment: initial; background-origin: initial; background-clip: initial; padding: 0px;\"><button class=\"a-button-text\" type=\"button\" aria-label=\"\" id=\"a-autoid-14-announce\" style=\"font-size: 13px; vertical-align: middle; line-height: 19px; border-width: 0px; border-style: initial; border-color: initial; display: block; outline: 0px; padding: 5px 10px 5px 11px; text-align: left; width: 222.828px; height: auto; color: rgb(17, 17, 17);\"><div class=\"\"><div class=\"twisterTextDiv text\"><span class=\"a-size-base\" style=\"font-size: 14px !important; line-height: 20px !important;\">Motherboard + PC Gaming Case</span></div><div class=\" \"></div></div></button></span></span></span></div></span></li></ul></div></form></div></div></div><div id=\"valueAdds_feature_div\" class=\"celwidget\" data-feature-name=\"valueAdds\" data-csa-c-id=\"u8y98i-jsrhc5-3ei53i-47f2if\" data-cel-widget=\"valueAdds_feature_div\" style=\"font-size: 14px;\"></div><div id=\"clickToContact_feature_div\" class=\"celwidget\" data-feature-name=\"clickToContact\" data-csa-c-id=\"7afm3a-yyd5w4-piluh5-t0qule\" data-cel-widget=\"clickToContact_feature_div\" style=\"font-size: 14px;\"></div><div id=\"dpreviewBadge_feature_div\" class=\"celwidget\" data-feature-name=\"dpreviewBadge\" data-csa-c-id=\"reszuu-eio77r-gzu0iy-57jfew\" data-cel-widget=\"dpreviewBadge_feature_div\" style=\"font-size: 14px;\"></div><div id=\"smartHomeWidget_feature_div\" class=\"celwidget\" data-feature-name=\"smartHomeWidget\" data-csa-c-id=\"d52jg0-jsi7e8-eyosat-5yhp01\" data-cel-widget=\"smartHomeWidget_feature_div\" style=\"font-size: 14px;\"></div><div id=\"amazonCertifiedBadge_feature_div\" class=\"celwidget\" data-feature-name=\"amazonCertifiedBadge\" data-csa-c-id=\"vxkbp-z9i2hs-jzaf6w-quqyj5\" data-cel-widget=\"amazonCertifiedBadge_feature_div\" style=\"font-size: 14px;\"></div><div id=\"renewedProgramDescriptionAtf_feature_div\" class=\"celwidget\" data-feature-name=\"renewedProgramDescriptionAtf\" data-csa-c-id=\"9t4yj5-1g888p-r6c4fm-vzfjn4\" data-cel-widget=\"renewedProgramDescriptionAtf_feature_div\" style=\"font-size: 14px;\"></div><div id=\"productOverview_feature_div\" class=\"celwidget\" data-feature-name=\"productOverview\" data-csa-c-id=\"muicjw-6bxy8y-qfkkw8-nih2re\" data-cel-widget=\"productOverview_feature_div\" style=\"font-size: 14px;\"><div class=\"a-section a-spacing-small a-spacing-top-small\" style=\"margin-bottom: 0px; margin-top: 8px !important;\"><table class=\"a-normal a-spacing-micro\" style=\"width: 366px; margin-bottom: 4px !important;\"><tbody><tr class=\"a-spacing-small\" style=\"margin-bottom: 8px !important;\"><td class=\"a-span3\" style=\"vertical-align: top; padding: 0px 3px 3px 0px; margin-right: 0px; width: 96px; float: none !important;\"><span class=\"a-size-base a-text-bold\" style=\"font-weight: 700 !important; line-height: 20px !important;\">Marca</span></td><td class=\"a-span9\" style=\"vertical-align: top; padding: 0px 0px 3px 3px; margin-right: 0px; width: 270px; float: none !important;\"><span class=\"a-size-base\" style=\"line-height: 20px !important;\">MSI</span></td></tr><tr class=\"a-spacing-small\" style=\"margin-bottom: 8px !important;\"><td class=\"a-span3\" style=\"vertical-align: top; padding: 3px 3px 3px 0px; margin-right: 0px; width: 96px; float: none !important;\"><span class=\"a-size-base a-text-bold\" style=\"font-weight: 700 !important; line-height: 20px !important;\">Toma del procesador</span></td><td class=\"a-span9\" style=\"vertical-align: top; padding: 3px 0px 3px 3px; margin-right: 0px; width: 270px; float: none !important;\"><span class=\"a-size-base\" style=\"line-height: 20px !important;\">Socket AM4</span></td></tr><tr class=\"a-spacing-small\" style=\"margin-bottom: 8px !important;\"><td class=\"a-span3\" style=\"vertical-align: top; padding: 3px 3px 3px 0px; margin-right: 0px; width: 96px; float: none !important;\"><span class=\"a-size-base a-text-bold\" style=\"font-weight: 700 !important; line-height: 20px !important;\">Tamaño de memoria RAM</span></td><td class=\"a-span9\" style=\"vertical-align: top; padding: 3px 0px 3px 3px; margin-right: 0px; width: 270px; float: none !important;\"><span class=\"a-size-base\" style=\"line-height: 20px !important;\">DDR4</span></td></tr><tr class=\"a-spacing-small\" style=\"margin-bottom: 8px !important;\"><td class=\"a-span3\" style=\"vertical-align: top; padding: 3px 3px 3px 0px; margin-right: 0px; width: 96px; float: none !important;\"><span class=\"a-size-base a-text-bold\" style=\"font-weight: 700 !important; line-height: 20px !important;\">Tipos de procesadores compatibles</span></td><td class=\"a-span9\" style=\"vertical-align: top; padding: 3px 0px 3px 3px; margin-right: 0px; width: 270px; float: none !important;\"><span class=\"a-size-base\" style=\"line-height: 20px !important;\">AMD 3rd Generation Ryzen, AMD 2nd Gerenration Ryzen, AMD Athlon</span></td></tr><tr class=\"a-spacing-small\" style=\"margin-bottom: 8px !important;\"><td class=\"a-span3\" style=\"vertical-align: top; padding: 3px 3px 0px 0px; margin-right: 0px; width: 96px; float: none !important;\"><span class=\"a-size-base a-text-bold\" style=\"font-weight: 700 !important; line-height: 20px !important;\">Tipo de conjunto de chips</span></td><td class=\"a-span9\" style=\"vertical-align: top; padding: 3px 0px 0px 3px; margin-right: 0px; width: 270px; float: none !important;\"><span class=\"a-size-base\" style=\"line-height: 20px !important;\">AMD X470</span></td></tr></tbody></table><div id=\"featurebullets_feature_div\" class=\"celwidget\" data-feature-name=\"featurebullets\" data-csa-c-id=\"sxta5z-1o6a6q-ij8bzc-632cm7\" data-cel-widget=\"featurebullets_feature_div\"><div id=\"feature-bullets\" class=\"a-section a-spacing-medium a-spacing-top-small\" style=\"margin-bottom: 0px; margin-top: 8px !important;\"><ul class=\"a-unordered-list a-vertical a-spacing-mini\" style=\"margin-right: 0px; margin-bottom: 0px; margin-left: 18px; color: rgb(17, 17, 17); padding: 0px;\"><li style=\"list-style: disc; overflow-wrap: break-word; margin: 0px;\"><span class=\"a-list-item\">Compatible con AMD Ryzen/Ryzen de 1ª, 2ª y 3ª generación con gráficos Radeon Vega y AMD Ryzen de 2ª generación con gráficos Radeon y procesadores de sobremesa Radeon Vega Graphics para Socket AM4.</span></li><li style=\"list-style: disc; overflow-wrap: break-word; margin: 0px;\"><span class=\"a-list-item\">Soporta memoria DDR4, hasta 4133 (OC) MHz</span></li><li style=\"list-style: disc; overflow-wrap: break-word; margin: 0px;\"><span class=\"a-list-item\">Lightning Fast Game experiencia: Turbo M. 2, AMD storemi tecnología, AMD Turbo USB 3. 2 Gen2.</span></li><li style=\"list-style: disc; overflow-wrap: break-word; margin: 0px;\"><span class=\"a-list-item\">Potencia central: con diseño premium y diseño de potencia optimizado para soportar más núcleos y proporcionar un mejor rendimiento</span></li><li style=\"list-style: disc; overflow-wrap: break-word; margin: 0px;\"><span class=\"a-list-item\">Sincronización de luz mística y luz mística: 7 colores/7 efectos en un solo clic. Sincronizar otras soluciones RGB para la personalización</span></li><li style=\"list-style: disc; overflow-wrap: break-word; margin: 0px;\"><span class=\"a-list-item\">tamaño de memoria instalada Ram: 64</span></li><li style=\"list-style: disc; overflow-wrap: break-word; margin: 0px;\"><span class=\"a-list-item\">Capacidad de almacenamiento de memoria: 64</span></li></ul></div></div><div id=\"globalStoreInfoBullets_feature_div\" class=\"celwidget\" data-feature-name=\"globalStoreInfoBullets\" data-csa-c-id=\"h9i6cx-igcg2j-nfpb5c-6wxbto\" data-cel-widget=\"globalStoreInfoBullets_feature_div\"></div><div id=\"HLCXComparisonJumplink_feature_div\"><div class=\"a-section a-spacing-small a-spacing-top-small HLCXComparisonJumplinkContent\" style=\"margin-bottom: 0px; margin-top: 8px !important;\"><span class=\"a-declarative\" data-action=\"hlcx-send-reftag\" data-hlcx-send-reftag=\"{\"refTag\":\"psdc_1048424_c_B07Y468HV3\",\"allowLinkDefault\":\"true\"}\"><a class=\"a-link-normal HLCXComparisonJumplinkLink\" href=\"https://www.amazon.com/-/es/MSI-Performance-GAMING-AMD-X470/dp/B07Y468HV3#HLCXComparisonWidget_feature_div\" style=\"color: rgb(0, 113, 133);\">Comparar con artículos similares</a></span></div></div></div></div><div id=\"featurebullets_feature_div\" class=\"celwidget\" data-feature-name=\"featurebullets\" data-csa-c-id=\"sxta5z-1o6a6q-ij8bzc-632cm7\" data-cel-widget=\"featurebullets_feature_div\" style=\"font-size: 14px;\"><div id=\"feature-bullets\" class=\"a-section a-spacing-medium a-spacing-top-small\" style=\"margin-bottom: 0px; margin-top: 8px !important;\"></div></div></span></h1>                                    ', '2020-12-14 04:44:08'),
(41, 10, 1, 'MOTHERBOARD GAMER', '0498.jpg', 20, 150.0000, 45, '<h1 id=\"title\" class=\"a-size-large a-spacing-none\" style=\"padding: 0px; margin-right: 0px; margin-left: 0px; text-rendering: optimizelegibility; color: rgb(15, 17, 17); font-family: &quot;Amazon Ember&quot;, Arial, sans-serif; margin-bottom: 0px !important; font-size: 24px !important; line-height: 32px !important;\"><span id=\"productTitle\" class=\"a-size-large product-title-word-break\" style=\"text-rendering: optimizelegibility; word-break: break-word; line-height: 32px !important;\">HP Compaq NC6220 NC6230 Intel 915GM Express Chipset 478 Socket DDR2 SDRAM 2 ranuras de memoria ATI Radeon X300 Graphics Laptop Motherboard HSTNN-103C 416979-001</span></h1><h1 id=\"title\" class=\"a-size-large a-spacing-none\" style=\"padding: 0px; margin-right: 0px; margin-left: 0px; text-rendering: optimizelegibility; color: rgb(15, 17, 17); font-family: &quot;Amazon Ember&quot;, Arial, sans-serif; margin-bottom: 0px !important; font-size: 24px !important; line-height: 32px !important;\"><span id=\"productTitle\" class=\"a-size-large product-title-word-break\" style=\"text-rendering: optimizelegibility; word-break: break-word; line-height: 32px !important;\"><table class=\"a-normal a-spacing-micro\" style=\"width: 366px; font-size: 14px; margin-bottom: 4px !important;\"><tbody><tr class=\"a-spacing-small\" style=\"margin-bottom: 8px !important;\"><td class=\"a-span3\" style=\"vertical-align: top; padding: 0px 3px 3px 0px; margin-right: 0px; width: 96px; float: none !important;\"><span class=\"a-size-base a-text-bold\" style=\"font-weight: 700 !important; line-height: 20px !important;\">Marca</span></td><td class=\"a-span9\" style=\"vertical-align: top; padding: 0px 0px 3px 3px; margin-right: 0px; width: 270px; float: none !important;\"><span class=\"a-size-base\" style=\"line-height: 20px !important;\">HP</span></td></tr><tr class=\"a-spacing-small\" style=\"margin-bottom: 8px !important;\"><td class=\"a-span3\" style=\"vertical-align: top; padding: 3px 3px 3px 0px; margin-right: 0px; width: 96px; float: none !important;\"><span class=\"a-size-base a-text-bold\" style=\"font-weight: 700 !important; line-height: 20px !important;\">Toma del procesador</span></td><td class=\"a-span9\" style=\"vertical-align: top; padding: 3px 0px 3px 3px; margin-right: 0px; width: 270px; float: none !important;\"><span class=\"a-size-base\" style=\"line-height: 20px !important;\">Socket 478</span></td></tr><tr class=\"a-spacing-small\" style=\"margin-bottom: 8px !important;\"><td class=\"a-span3\" style=\"vertical-align: top; padding: 3px 3px 3px 0px; margin-right: 0px; width: 96px; float: none !important;\"><span class=\"a-size-base a-text-bold\" style=\"font-weight: 700 !important; line-height: 20px !important;\">Tamaño de memoria RAM</span></td><td class=\"a-span9\" style=\"vertical-align: top; padding: 3px 0px 3px 3px; margin-right: 0px; width: 270px; float: none !important;\"><span class=\"a-size-base\" style=\"line-height: 20px !important;\">DDR2</span></td></tr><tr class=\"a-spacing-small\" style=\"margin-bottom: 8px !important;\"><td class=\"a-span3\" style=\"vertical-align: top; padding: 3px 3px 3px 0px; margin-right: 0px; width: 96px; float: none !important;\"><span class=\"a-size-base a-text-bold\" style=\"font-weight: 700 !important; line-height: 20px !important;\">Tipos de procesadores compatibles</span></td><td class=\"a-span9\" style=\"vertical-align: top; padding: 3px 0px 3px 3px; margin-right: 0px; width: 270px; float: none !important;\"><span class=\"a-size-base\" style=\"line-height: 20px !important;\">Intel Celeron, Intel Pentium</span></td></tr><tr class=\"a-spacing-small\" style=\"margin-bottom: 8px !important;\"><td class=\"a-span3\" style=\"vertical-align: top; padding: 3px 3px 0px 0px; margin-right: 0px; width: 96px; float: none !important;\"><span class=\"a-size-base a-text-bold\" style=\"font-weight: 700 !important; line-height: 20px !important;\">Memory Slots Available</span></td><td class=\"a-span9\" style=\"vertical-align: top; padding: 3px 0px 0px 3px; margin-right: 0px; width: 270px; float: none !important;\"><span class=\"a-size-base\" style=\"line-height: 20px !important;\">2</span></td></tr></tbody></table></span></h1>', '2020-12-14 04:35:04'),
(42, 11, 5, 'SILLAS GAMER', '5216.jpg', 50, 500.0000, 399, '<h1 id=\"title\" class=\"a-size-large a-spacing-none\" style=\"padding: 0px; margin-right: 0px; margin-left: 0px; text-rendering: optimizelegibility; color: rgb(15, 17, 17); font-family: &quot;Amazon Ember&quot;, Arial, sans-serif; margin-bottom: 0px !important; font-size: 24px !important; line-height: 32px !important;\"><span id=\"productTitle\" class=\"a-size-large product-title-word-break\" style=\"text-rendering: optimizelegibility; word-break: break-word; font-size: 19px !important; line-height: 32px !important;\">Gigabyte Technology Gaming Chair GBT AORUS AGC 300</span></h1><h1 id=\"title\" class=\"a-size-large a-spacing-none\" style=\"padding: 0px; margin-right: 0px; margin-left: 0px; text-rendering: optimizelegibility; color: rgb(15, 17, 17); font-family: &quot;Amazon Ember&quot;, Arial, sans-serif; margin-bottom: 0px !important; font-size: 24px !important; line-height: 32px !important;\"><table class=\"a-normal a-spacing-micro\" style=\"width: 622px; font-size: 14px; margin-bottom: 4px !important;\"><tbody><tr class=\"a-spacing-small\" style=\"margin-bottom: 8px !important;\"><td class=\"a-span3\" style=\"vertical-align: top; padding: 0px 3px 3px 0px; margin-right: 0px; width: 163px; float: none !important;\"><span class=\"a-size-base a-text-bold\" style=\"font-weight: 700 !important; line-height: 20px !important;\">Color</span></td><td class=\"a-span9\" style=\"vertical-align: top; padding: 0px 0px 3px 3px; margin-right: 0px; width: 459px; float: none !important;\"><span class=\"a-size-base\" style=\"line-height: 20px !important;\">Naranja</span></td></tr><tr class=\"a-spacing-small\" style=\"margin-bottom: 8px !important;\"><td class=\"a-span3\" style=\"vertical-align: top; padding: 3px 3px 3px 0px; margin-right: 0px; width: 163px; float: none !important;\"><span class=\"a-size-base a-text-bold\" style=\"font-weight: 700 !important; line-height: 20px !important;\">Material</span></td><td class=\"a-span9\" style=\"vertical-align: top; padding: 3px 0px 3px 3px; margin-right: 0px; width: 459px; float: none !important;\"><span class=\"a-size-base\" style=\"line-height: 20px !important;\">Plástico</span></td></tr><tr class=\"a-spacing-small\" style=\"margin-bottom: 8px !important;\"><td class=\"a-span3\" style=\"vertical-align: top; padding: 3px 3px 3px 0px; margin-right: 0px; width: 163px; float: none !important;\"><span class=\"a-size-base a-text-bold\" style=\"font-weight: 700 !important; line-height: 20px !important;\">Dimensiones del producto: largo x ancho x alto</span></td><td class=\"a-span9\" style=\"vertical-align: top; padding: 3px 0px 3px 3px; margin-right: 0px; width: 459px; float: none !important;\"><span class=\"a-size-base\" style=\"line-height: 20px !important;\">84.5 x 67 x 35.6 centímetros</span></td></tr><tr class=\"a-spacing-small\" style=\"margin-bottom: 8px !important;\"><td class=\"a-span3\" style=\"vertical-align: top; padding: 3px 3px 3px 0px; margin-right: 0px; width: 163px; float: none !important;\"><span class=\"a-size-base a-text-bold\" style=\"font-weight: 700 !important; line-height: 20px !important;\">Peso máximo recomendado por el fabricante</span></td><td class=\"a-span9\" style=\"vertical-align: top; padding: 3px 0px 3px 3px; margin-right: 0px; width: 459px; float: none !important;\"><span class=\"a-size-base\" style=\"line-height: 20px !important;\">120 Kilogramos</span></td></tr><tr class=\"a-spacing-small\" style=\"margin-bottom: 8px !important;\"><td class=\"a-span3\" style=\"vertical-align: top; padding: 3px 3px 0px 0px; margin-right: 0px; width: 163px; float: none !important;\"><span class=\"a-size-base a-text-bold\" style=\"font-weight: 700 !important; line-height: 20px !important;\">Peso del producto</span></td><td class=\"a-span9\" style=\"vertical-align: top; padding: 3px 0px 0px 3px; margin-right: 0px; width: 459px; float: none !important;\"><span class=\"a-size-base\" style=\"line-height: 20px !important;\">21 Kilogramos</span></td></tr></tbody></table></h1>', '2020-12-14 04:56:52'),
(43, 11, 1, 'SILLAS GAMER', '2130.jpg', 20, 450.0000, 300, '<h1 id=\"title\" class=\"a-size-large a-spacing-none\" style=\"padding: 0px; margin-right: 0px; margin-left: 0px; text-rendering: optimizelegibility; color: rgb(15, 17, 17); font-family: &quot;Amazon Ember&quot;, Arial, sans-serif; margin-bottom: 0px !important; font-size: 24px !important; line-height: 32px !important;\"><span id=\"productTitle\" class=\"a-size-large product-title-word-break\" style=\"text-rendering: optimizelegibility; word-break: break-word; font-size: 19px !important; line-height: 32px !important;\">HP OMEN Citadel Silla Gaming, Negro y Rojo</span></h1><h1 id=\"title\" class=\"a-size-large a-spacing-none\" style=\"padding: 0px; margin-right: 0px; margin-left: 0px; text-rendering: optimizelegibility; color: rgb(15, 17, 17); font-family: &quot;Amazon Ember&quot;, Arial, sans-serif; margin-bottom: 0px !important; font-size: 24px !important; line-height: 32px !important;\"><span id=\"productTitle\" class=\"a-size-large product-title-word-break\" style=\"text-rendering: optimizelegibility; word-break: break-word; font-size: 19px !important; line-height: 32px !important;\"><table class=\"a-normal a-spacing-micro\" style=\"width: 366px; font-size: 14px; margin-bottom: 4px !important;\"><tbody><tr class=\"a-spacing-small\" style=\"margin-bottom: 8px !important;\"><td class=\"a-span3\" style=\"vertical-align: top; padding: 0px 3px 3px 0px; margin-right: 0px; width: 96px; float: none !important;\"><span class=\"a-size-base a-text-bold\" style=\"font-weight: 700 !important; line-height: 20px !important;\">Color</span></td><td class=\"a-span9\" style=\"vertical-align: top; padding: 0px 0px 3px 3px; margin-right: 0px; width: 270px; float: none !important;\"><span class=\"a-size-base\" style=\"line-height: 20px !important;\">Negro Y Rojo</span></td></tr><tr class=\"a-spacing-small\" style=\"margin-bottom: 8px !important;\"><td class=\"a-span3\" style=\"vertical-align: top; padding: 3px 3px 3px 0px; margin-right: 0px; width: 96px; float: none !important;\"><span class=\"a-size-base a-text-bold\" style=\"font-weight: 700 !important; line-height: 20px !important;\">Material</span></td><td class=\"a-span9\" style=\"vertical-align: top; padding: 3px 0px 3px 3px; margin-right: 0px; width: 270px; float: none !important;\"><span class=\"a-size-base\" style=\"line-height: 20px !important;\">Metal</span></td></tr><tr class=\"a-spacing-small\" style=\"margin-bottom: 8px !important;\"><td class=\"a-span3\" style=\"vertical-align: top; padding: 3px 3px 3px 0px; margin-right: 0px; width: 96px; float: none !important;\"><span class=\"a-size-base a-text-bold\" style=\"font-weight: 700 !important; line-height: 20px !important;\">Dimensiones del producto: largo x ancho x alto</span></td><td class=\"a-span9\" style=\"vertical-align: top; padding: 3px 0px 3px 3px; margin-right: 0px; width: 270px; float: none !important;\"><span class=\"a-size-base\" style=\"line-height: 20px !important;\">143 x 62 x 59 centímetros</span></td></tr><tr class=\"a-spacing-small\" style=\"margin-bottom: 8px !important;\"><td class=\"a-span3\" style=\"vertical-align: top; padding: 3px 3px 3px 0px; margin-right: 0px; width: 96px; float: none !important;\"><span class=\"a-size-base a-text-bold\" style=\"font-weight: 700 !important; line-height: 20px !important;\">Peso máximo recomendado por el fabricante</span></td><td class=\"a-span9\" style=\"vertical-align: top; padding: 3px 0px 3px 3px; margin-right: 0px; width: 270px; float: none !important;\"><span class=\"a-size-base\" style=\"line-height: 20px !important;\">136 Kilogramos</span></td></tr><tr class=\"a-spacing-small\" style=\"margin-bottom: 8px !important;\"><td class=\"a-span3\" style=\"vertical-align: top; padding: 3px 3px 0px 0px; margin-right: 0px; width: 96px; float: none !important;\"><span class=\"a-size-base a-text-bold\" style=\"font-weight: 700 !important; line-height: 20px !important;\">Peso del producto</span></td><td class=\"a-span9\" style=\"vertical-align: top; padding: 3px 0px 0px 3px; margin-right: 0px; width: 270px; float: none !important;\"><span class=\"a-size-base\" style=\"line-height: 20px !important;\">29 Kilogramos</span></td></tr></tbody></table><br></span></h1><ul class=\"a-unordered-list a-vertical a-spacing-mini\" style=\"margin-right: 0px; margin-bottom: 0px; margin-left: 18px; color: rgb(17, 17, 17); padding: 0px; font-family: &quot;Amazon Ember&quot;, Arial, sans-serif; font-size: 14px;\"><li style=\"list-style: disc; overflow-wrap: break-word; margin: 0px;\"><span class=\"a-list-item\">El diseño anatómico cuenta con un asiento espacioso, cojines extra grueso y un respaldo alto para una mejor postura durante el juego</span></li><li style=\"list-style: disc; overflow-wrap: break-word; margin: 0px;\"><span class=\"a-list-item\">Juega de forma cómoda gracias a la altura e inclinación ajustables que se mantienen en el lugar, junto con un cojín lumbar y almohada para el cuello</span></li><li style=\"list-style: disc; overflow-wrap: break-word; margin: 0px;\"><span class=\"a-list-item\">Gira y ajusta los reposabrazos de la silla arriba, abajo, de delante hacia atrás o hacia los lados para encontrar la posición perfecta para jugar</span></li></ul><table class=\"a-normal a-spacing-micro\" style=\"color: rgb(15, 17, 17); font-family: &quot;Amazon Ember&quot;, Arial, sans-serif; width: 366px; font-size: 14px; margin-bottom: 4px !important;\"><tbody><tr class=\"a-spacing-small\" style=\"margin-bottom: 8px !important;\"><td class=\"a-span9\" style=\"vertical-align: top; padding: 3px 0px 0px 3px; margin-right: 0px; width: 270px;\"><p><span class=\"a-size-base\" style=\"line-height: 20px !important;\"><br></span></p><p><span class=\"a-size-base\" style=\"line-height: 20px !important;\"></span></p><table class=\"a-normal a-spacing-micro\" style=\"width: 366px; margin-bottom: 4px !important;\"><tbody><tr class=\"a-spacing-small\" style=\"margin-bottom: 8px !important;\"><td class=\"a-span9\" style=\"vertical-align: top; padding: 3px 0px 0px 3px; margin-right: 0px; width: 270px;\"><br></td></tr></tbody></table></td></tr></tbody></table>', '2020-12-14 05:09:21'),
(44, 11, 5, 'SILLAS GAMER', '2273.jpg', 25, 450.0000, 375, '<h1 id=\"title\" class=\"a-size-large a-spacing-none\" style=\"padding: 0px; margin-right: 0px; margin-left: 0px; text-rendering: optimizelegibility; color: rgb(15, 17, 17); font-family: &quot;Amazon Ember&quot;, Arial, sans-serif; margin-bottom: 0px !important; font-size: 24px !important; line-height: 32px !important;\"><span id=\"productTitle\" class=\"a-size-large product-title-word-break\" style=\"text-rendering: optimizelegibility; word-break: break-word; font-size: 19px !important; line-height: 32px !important;\">T-LoVendo TLVC66-PINK Silla Gaming, Rosa - Blanco</span></h1><h1 id=\"title\" class=\"a-size-large a-spacing-none\" style=\"padding: 0px; margin-right: 0px; margin-left: 0px; text-rendering: optimizelegibility; color: rgb(15, 17, 17); font-family: &quot;Amazon Ember&quot;, Arial, sans-serif; margin-bottom: 0px !important; font-size: 24px !important; line-height: 32px !important;\"><span id=\"productTitle\" class=\"a-size-large product-title-word-break\" style=\"text-rendering: optimizelegibility; word-break: break-word; font-size: 19px !important; line-height: 32px !important;\"><div id=\"productOverview_feature_div\" class=\"celwidget\" data-feature-name=\"productOverview\" data-csa-c-id=\"d2oguo-gog715-ylp4pu-j49894\" data-cel-widget=\"productOverview_feature_div\" style=\"font-size: 14px;\"><div class=\"a-section a-spacing-small a-spacing-top-small\" style=\"margin-bottom: 0px; margin-top: 8px !important;\"><table class=\"a-normal a-spacing-micro\" style=\"width: 622px; margin-bottom: 4px !important;\"><tbody><tr class=\"a-spacing-small\" style=\"margin-bottom: 8px !important;\"><td class=\"a-span3\" style=\"vertical-align: top; padding: 0px 3px 3px 0px; margin-right: 0px; width: 163px; float: none !important;\"><span class=\"a-size-base a-text-bold\" style=\"font-weight: 700 !important; line-height: 20px !important;\">Color</span></td><td class=\"a-span9\" style=\"vertical-align: top; padding: 0px 0px 3px 3px; margin-right: 0px; width: 459px; float: none !important;\"><span class=\"a-size-base\" style=\"line-height: 20px !important;\">Rosa - Blanco</span></td></tr><tr class=\"a-spacing-small\" style=\"margin-bottom: 8px !important;\"><td class=\"a-span3\" style=\"vertical-align: top; padding: 3px 3px 3px 0px; margin-right: 0px; width: 163px; float: none !important;\"><span class=\"a-size-base a-text-bold\" style=\"font-weight: 700 !important; line-height: 20px !important;\">Material</span></td><td class=\"a-span9\" style=\"vertical-align: top; padding: 3px 0px 3px 3px; margin-right: 0px; width: 459px; float: none !important;\"><span class=\"a-size-base\" style=\"line-height: 20px !important;\">Poliuretano</span></td></tr><tr class=\"a-spacing-small\" style=\"margin-bottom: 8px !important;\"><td class=\"a-span3\" style=\"vertical-align: top; padding: 3px 3px 3px 0px; margin-right: 0px; width: 163px; float: none !important;\"><span class=\"a-size-base a-text-bold\" style=\"font-weight: 700 !important; line-height: 20px !important;\">Dimensiones del producto: largo x ancho x alto</span></td><td class=\"a-span9\" style=\"vertical-align: top; padding: 3px 0px 3px 3px; margin-right: 0px; width: 459px; float: none !important;\"><span class=\"a-size-base\" style=\"line-height: 20px !important;\">71 x 68 x 120 centímetros</span></td></tr><tr class=\"a-spacing-small\" style=\"margin-bottom: 8px !important;\"><td class=\"a-span3\" style=\"vertical-align: top; padding: 3px 3px 3px 0px; margin-right: 0px; width: 163px; float: none !important;\"><span class=\"a-size-base a-text-bold\" style=\"font-weight: 700 !important; line-height: 20px !important;\">Peso máximo recomendado por el fabricante</span></td><td class=\"a-span9\" style=\"vertical-align: top; padding: 3px 0px 3px 3px; margin-right: 0px; width: 459px; float: none !important;\"><span class=\"a-size-base\" style=\"line-height: 20px !important;\">150 Kilogramos</span></td></tr><tr class=\"a-spacing-small\" style=\"margin-bottom: 8px !important;\"><td class=\"a-span3\" style=\"vertical-align: top; padding: 3px 3px 0px 0px; margin-right: 0px; width: 163px; float: none !important;\"><span class=\"a-size-base a-text-bold\" style=\"font-weight: 700 !important; line-height: 20px !important;\">Peso</span></td><td class=\"a-span9\" style=\"vertical-align: top; padding: 3px 0px 0px 3px; margin-right: 0px; width: 459px; float: none !important;\"><span class=\"a-size-base\" style=\"line-height: 20px !important;\">16 Kilogramos</span></td></tr></tbody></table><ul class=\"a-unordered-list a-vertical a-spacing-mini\" style=\"margin-right: 0px; margin-bottom: 0px; margin-left: 18px; color: rgb(17, 17, 17); padding: 0px;\"><li style=\"list-style: disc; overflow-wrap: break-word; margin: 0px;\"><span class=\"a-list-item\">Máximo confort: dispone de un vibrador por control remoto en la parte lumbar que reduce la fatiga de la espalda; es ideal tanto para jugar como para trabajar o estudiar</span></li><li style=\"list-style: disc; overflow-wrap: break-word; margin: 0px;\"><span class=\"a-list-item\">Reposacabezas y soporte lumbar: diseñada ergonómicamente para proporcionar una experiencia única en comodidad; inclinación y elevación ajustables según las necesidades de cada persona</span></li><li style=\"list-style: disc; overflow-wrap: break-word; margin: 0px;\"><span class=\"a-list-item\">Apoyabrazos regulables y base de 5 ruedas giratorias 360º: materiales de alta calidad que han superado los test más exigentes; soporta hasta 150kg de peso; te aseguramos la mejor relación calidad-precio del mercado</span></li><li style=\"list-style: disc; overflow-wrap: break-word; margin: 0px;\"><span class=\"a-list-item\">Diseño: un diseño sencillo y deportivo que combina con cualquier estancia de tu casa</span></li><li style=\"list-style: disc; overflow-wrap: break-word; margin: 0px;\"><span class=\"a-list-item\">Garantía total y fácil montaje; dispone de 2 años de garantía total; viene con todo lo necesario para ser montada en 15 minutos incluso si no eres un manitas</span></li></ul></div></div><div id=\"featurebullets_feature_div\" class=\"celwidget\" data-feature-name=\"featurebullets\" data-csa-c-id=\"r3wtxy-9x9rbu-qfbby2-awsf2i\" data-cel-widget=\"featurebullets_feature_div\" style=\"font-size: 14px;\"><div id=\"feature-bullets\" class=\"a-section a-spacing-medium a-spacing-top-small\" style=\"margin-bottom: 0px; margin-top: 8px !important;\"></div></div></span></h1>', '2020-12-14 05:20:22'),
(45, 12, 2, 'AUDIFONOS GAMER', '0083.jpg', 22, 150.0000, 99, '<h1 id=\"title\" class=\"a-size-large a-spacing-none\" style=\"padding: 0px; margin-right: 0px; margin-left: 0px; text-rendering: optimizelegibility; color: rgb(15, 17, 17); font-family: &quot;Amazon Ember&quot;, Arial, sans-serif; margin-bottom: 0px !important; font-size: 24px !important; line-height: 32px !important;\"><span id=\"productTitle\" class=\"a-size-large product-title-word-break\" style=\"text-rendering: optimizelegibility; word-break: break-word; font-size: 19px !important; line-height: 32px !important;\">Lenovo GXD0J16085 Audífonos Gamer Y, color Negro/Rojo</span></h1><h1 id=\"title\" class=\"a-size-large a-spacing-none\" style=\"padding: 0px; margin-right: 0px; margin-left: 0px; text-rendering: optimizelegibility; color: rgb(15, 17, 17); font-family: &quot;Amazon Ember&quot;, Arial, sans-serif; margin-bottom: 0px !important; font-size: 24px !important; line-height: 32px !important;\"><span id=\"productTitle\" class=\"a-size-large product-title-word-break\" style=\"text-rendering: optimizelegibility; word-break: break-word; font-size: 19px !important; line-height: 32px !important;\"><div id=\"productOverview_feature_div\" class=\"celwidget\" data-feature-name=\"productOverview\" data-csa-c-id=\"w3nb3u-wm2jfa-ds7wcy-9gppgz\" data-cel-widget=\"productOverview_feature_div\" style=\"font-size: 14px;\"><div class=\"a-section a-spacing-small a-spacing-top-small\" style=\"margin-bottom: 0px; margin-top: 8px !important;\"><table class=\"a-normal a-spacing-micro\" style=\"width: 544px; margin-bottom: 4px !important;\"><tbody><tr class=\"a-spacing-small\" style=\"margin-bottom: 8px !important;\"><td class=\"a-span3\" style=\"vertical-align: top; padding: 0px 3px 3px 0px; margin-right: 0px; width: 142px; float: none !important;\"><span class=\"a-size-base a-text-bold\" style=\"font-weight: 700 !important; line-height: 20px !important;\">Marca</span></td><td class=\"a-span9\" style=\"vertical-align: top; padding: 0px 0px 3px 3px; margin-right: 0px; width: 402px; float: none !important;\"><span class=\"a-size-base\" style=\"line-height: 20px !important;\">Lenovo</span></td></tr><tr class=\"a-spacing-small\" style=\"margin-bottom: 8px !important;\"><td class=\"a-span3\" style=\"vertical-align: top; padding: 3px 3px 3px 0px; margin-right: 0px; width: 142px; float: none !important;\"><span class=\"a-size-base a-text-bold\" style=\"font-weight: 700 !important; line-height: 20px !important;\">Color</span></td><td class=\"a-span9\" style=\"vertical-align: top; padding: 3px 0px 3px 3px; margin-right: 0px; width: 402px; float: none !important;\"><span class=\"a-size-base\" style=\"line-height: 20px !important;\">Negro, Rojo</span></td></tr><tr class=\"a-spacing-small\" style=\"margin-bottom: 8px !important;\"><td class=\"a-span3\" style=\"vertical-align: top; padding: 3px 3px 3px 0px; margin-right: 0px; width: 142px; float: none !important;\"><span class=\"a-size-base a-text-bold\" style=\"font-weight: 700 !important; line-height: 20px !important;\">Conexiones</span></td><td class=\"a-span9\" style=\"vertical-align: top; padding: 3px 0px 3px 3px; margin-right: 0px; width: 402px; float: none !important;\"><span class=\"a-size-base\" style=\"line-height: 20px !important;\">Alámbrico</span></td></tr><tr class=\"a-spacing-small\" style=\"margin-bottom: 8px !important;\"><td class=\"a-span3\" style=\"vertical-align: top; padding: 3px 3px 3px 0px; margin-right: 0px; width: 142px; float: none !important;\"><span class=\"a-size-base a-text-bold\" style=\"font-weight: 700 !important; line-height: 20px !important;\">Series</span></td><td class=\"a-span9\" style=\"vertical-align: top; padding: 3px 0px 3px 3px; margin-right: 0px; width: 402px; float: none !important;\"><span class=\"a-size-base\" style=\"line-height: 20px !important;\">GXD0J16085</span></td></tr><tr class=\"a-spacing-small\" style=\"margin-bottom: 8px !important;\"><td class=\"a-span3\" style=\"vertical-align: top; padding: 3px 3px 0px 0px; margin-right: 0px; width: 142px; float: none !important;\"><span class=\"a-size-base a-text-bold\" style=\"font-weight: 700 !important; line-height: 20px !important;\">Headphones Form Factor</span></td><td class=\"a-span9\" style=\"vertical-align: top; padding: 3px 0px 0px 3px; margin-right: 0px; width: 402px; float: none !important;\"><span class=\"a-size-base\" style=\"line-height: 20px !important;\">Over Ear</span></td></tr></tbody></table><ul class=\"a-unordered-list a-vertical a-spacing-mini\" style=\"margin-right: 0px; margin-bottom: 0px; margin-left: 18px; color: rgb(17, 17, 17); padding: 0px;\"><li style=\"list-style: disc; overflow-wrap: break-word; margin: 0px;\"><span class=\"a-list-item\">Marca: Lenovo</span></li><li style=\"list-style: disc; overflow-wrap: break-word; margin: 0px;\"><span class=\"a-list-item\">Producto de alta calidad</span></li><li style=\"list-style: disc; overflow-wrap: break-word; margin: 0px;\"><span class=\"a-list-item\">Fabricado en México</span></li></ul></div></div><div id=\"featurebullets_feature_div\" class=\"celwidget\" data-feature-name=\"featurebullets\" data-csa-c-id=\"v5fcuj-4ct33x-ramz7q-ufqhvk\" data-cel-widget=\"featurebullets_feature_div\" style=\"font-size: 14px;\"><div id=\"feature-bullets\" class=\"a-section a-spacing-medium a-spacing-top-small\" style=\"margin-bottom: 0px; margin-top: 8px !important;\"></div></div></span></h1>', '2020-12-16 12:13:42');
INSERT INTO `productos` (`id_producto`, `id_categoria`, `id_marca_producto`, `NombreProducto`, `imagen`, `cantidad`, `precioVenta`, `precioCompra`, `detalles`, `fechaCompra`) VALUES
(46, 12, 5, 'AUDIFONOS GAMER', '2582.jpg', 18, 550.0000, 560, '                                        <h1 id=\"title\" class=\"a-size-large a-spacing-none\" style=\"padding: 0px; margin-right: 0px; margin-left: 0px; text-rendering: optimizelegibility; color: rgb(15, 17, 17); font-family: \"Amazon Ember\", Arial, sans-serif; margin-bottom: 0px !important; font-size: 24px !important; line-height: 32px !important;\"><span id=\"productTitle\" class=\"a-size-large product-title-word-break\" style=\"text-rendering: optimizelegibility; word-break: break-word; font-size: 19px !important; line-height: 32px !important;\">GIGABYTE AORUS H5 Auricular con micrófono Biauricular Diadema Negro - Auriculares con micrófono (Consola de Videojuegos + PC/Videojuegos, Biauricular, Diadema, Negro, Alámbrico, 3 m)</span></h1><h1 id=\"title\" class=\"a-size-large a-spacing-none\" style=\"padding: 0px; margin-right: 0px; margin-left: 0px; text-rendering: optimizelegibility; color: rgb(15, 17, 17); font-family: \"Amazon Ember\", Arial, sans-serif; margin-bottom: 0px !important; font-size: 24px !important; line-height: 32px !important;\"><span id=\"productTitle\" class=\"a-size-large product-title-word-break\" style=\"text-rendering: optimizelegibility; word-break: break-word; font-size: 19px !important; line-height: 32px !important;\"><br></span></h1><h1 id=\"title\" class=\"a-size-large a-spacing-none\" style=\"padding: 0px; margin-right: 0px; margin-left: 0px; text-rendering: optimizelegibility; color: rgb(15, 17, 17); font-family: \"Amazon Ember\", Arial, sans-serif; margin-bottom: 0px !important; font-size: 24px !important; line-height: 32px !important;\"><span id=\"productTitle\" class=\"a-size-large product-title-word-break\" style=\"text-rendering: optimizelegibility; word-break: break-word; font-size: 19px !important; line-height: 32px !important;\"><table class=\"a-normal a-spacing-micro\" style=\"width: 544px; font-size: 14px; margin-bottom: 4px !important;\"><tbody><tr class=\"a-spacing-small\" style=\"margin-bottom: 8px !important;\"><td class=\"a-span3\" style=\"vertical-align: top; padding: 0px 3px 3px 0px; margin-right: 0px; width: 142px; float: none !important;\"><span class=\"a-size-base a-text-bold\" style=\"font-weight: 700 !important; line-height: 20px !important;\">Marca</span></td><td class=\"a-span9\" style=\"vertical-align: top; padding: 0px 0px 3px 3px; margin-right: 0px; width: 402px; float: none !important;\"><span class=\"a-size-base\" style=\"line-height: 20px !important;\">Gigabyte</span></td></tr><tr class=\"a-spacing-small\" style=\"margin-bottom: 8px !important;\"><td class=\"a-span3\" style=\"vertical-align: top; padding: 3px 3px 3px 0px; margin-right: 0px; width: 142px; float: none !important;\"><span class=\"a-size-base a-text-bold\" style=\"font-weight: 700 !important; line-height: 20px !important;\">Headphones Jack</span></td><td class=\"a-span9\" style=\"vertical-align: top; padding: 3px 0px 3px 3px; margin-right: 0px; width: 402px; float: none !important;\"><span class=\"a-size-base\" style=\"line-height: 20px !important;\">2.5 mm, 3.5 mm</span></td></tr><tr class=\"a-spacing-small\" style=\"margin-bottom: 8px !important;\"><td class=\"a-span3\" style=\"vertical-align: top; padding: 3px 3px 0px 0px; margin-right: 0px; width: 142px; float: none !important;\"><span class=\"a-size-base a-text-bold\" style=\"font-weight: 700 !important; line-height: 20px !important;\">Peso del producto</span></td><td class=\"a-span9\" style=\"vertical-align: top; padding: 3px 0px 0px 3px; margin-right: 0px; width: 402px; float: none !important;\"><span class=\"a-size-base\" style=\"line-height: 20px !important;\">0.35 Kilogramos</span></td></tr></tbody></table></span></h1><h1 id=\"title\" class=\"a-size-large a-spacing-none\" style=\"padding: 0px; margin-right: 0px; margin-left: 0px; text-rendering: optimizelegibility; color: rgb(15, 17, 17); font-family: \"Amazon Ember\", Arial, sans-serif; margin-bottom: 0px !important; font-size: 24px !important; line-height: 32px !important;\"><span id=\"productTitle\" class=\"a-size-large product-title-word-break\" style=\"text-rendering: optimizelegibility; word-break: break-word; font-size: 19px !important; line-height: 32px !important;\"><br></span></h1>                                    ', '2020-12-16 12:13:43'),
(47, 12, 3, 'AUDIFONOS GAMER', '1468.jpg', 38, 70.0000, 45, '<h1 id=\"title\" class=\"a-size-large a-spacing-none\" style=\"padding: 0px; margin-right: 0px; margin-left: 0px; text-rendering: optimizelegibility; color: rgb(15, 17, 17); font-family: &quot;Amazon Ember&quot;, Arial, sans-serif; margin-bottom: 0px !important; font-size: 24px !important; line-height: 32px !important;\"><span id=\"productTitle\" class=\"a-size-large product-title-word-break\" style=\"text-rendering: optimizelegibility; word-break: break-word; line-height: 32px !important;\">Acer Nitro Gaming Headset – Potente bajo con audio</span></h1><h1 id=\"title\" class=\"a-size-large a-spacing-none\" style=\"padding: 0px; margin-right: 0px; margin-left: 0px; text-rendering: optimizelegibility; color: rgb(15, 17, 17); font-family: &quot;Amazon Ember&quot;, Arial, sans-serif; margin-bottom: 0px !important; font-size: 24px !important; line-height: 32px !important;\"><span id=\"productTitle\" class=\"a-size-large product-title-word-break\" style=\"text-rendering: optimizelegibility; word-break: break-word; line-height: 32px !important;\"><div id=\"productOverview_feature_div\" class=\"celwidget\" data-feature-name=\"productOverview\" data-csa-c-id=\"nw9jyv-mamw1b-lzer1o-grkv83\" data-cel-widget=\"productOverview_feature_div\" style=\"font-size: 14px;\"><div class=\"a-section a-spacing-small a-spacing-top-small\" style=\"margin-bottom: 0px; margin-top: 8px !important;\"><table class=\"a-normal a-spacing-micro\" style=\"width: 366px; margin-bottom: 4px !important;\"><tbody><tr class=\"a-spacing-small\" style=\"margin-bottom: 8px !important;\"><td class=\"a-span3\" style=\"vertical-align: top; padding: 0px 3px 3px 0px; margin-right: 0px; width: 96px; float: none !important;\"><span class=\"a-size-base a-text-bold\" style=\"font-weight: 700 !important; line-height: 20px !important;\">Marca</span></td><td class=\"a-span9\" style=\"vertical-align: top; padding: 0px 0px 3px 3px; margin-right: 0px; width: 270px; float: none !important;\"><span class=\"a-size-base\" style=\"line-height: 20px !important;\">Acer</span></td></tr><tr class=\"a-spacing-small\" style=\"margin-bottom: 8px !important;\"><td class=\"a-span3\" style=\"vertical-align: top; padding: 3px 3px 3px 0px; margin-right: 0px; width: 96px; float: none !important;\"><span class=\"a-size-base a-text-bold\" style=\"font-weight: 700 !important; line-height: 20px !important;\">Color</span></td><td class=\"a-span9\" style=\"vertical-align: top; padding: 3px 0px 3px 3px; margin-right: 0px; width: 270px; float: none !important;\"><span class=\"a-size-base\" style=\"line-height: 20px !important;\">Negro</span></td></tr><tr class=\"a-spacing-small\" style=\"margin-bottom: 8px !important;\"><td class=\"a-span3\" style=\"vertical-align: top; padding: 3px 3px 3px 0px; margin-right: 0px; width: 96px; float: none !important;\"><span class=\"a-size-base a-text-bold\" style=\"font-weight: 700 !important; line-height: 20px !important;\">Conexiones</span></td><td class=\"a-span9\" style=\"vertical-align: top; padding: 3px 0px 3px 3px; margin-right: 0px; width: 270px; float: none !important;\"><span class=\"a-size-base\" style=\"line-height: 20px !important;\">Wired</span></td></tr><tr class=\"a-spacing-small\" style=\"margin-bottom: 8px !important;\"><td class=\"a-span3\" style=\"vertical-align: top; padding: 3px 3px 3px 0px; margin-right: 0px; width: 96px; float: none !important;\"><span class=\"a-size-base a-text-bold\" style=\"font-weight: 700 !important; line-height: 20px !important;\">Headphones Form Factor</span></td><td class=\"a-span9\" style=\"vertical-align: top; padding: 3px 0px 3px 3px; margin-right: 0px; width: 270px; float: none !important;\"><span class=\"a-size-base\" style=\"line-height: 20px !important;\">Over Ear</span></td></tr><tr class=\"a-spacing-small\" style=\"margin-bottom: 8px !important;\"><td class=\"a-span3\" style=\"vertical-align: top; padding: 3px 3px 0px 0px; margin-right: 0px; width: 96px; float: none !important;\"><span class=\"a-size-base a-text-bold\" style=\"font-weight: 700 !important; line-height: 20px !important;\">Peso del producto</span></td><td class=\"a-span9\" style=\"vertical-align: top; padding: 3px 0px 0px 3px; margin-right: 0px; width: 270px; float: none !important;\"><span class=\"a-size-base\" style=\"line-height: 20px !important;\">0.56 Libras</span></td></tr></tbody></table></div></div><div id=\"featurebullets_feature_div\" class=\"celwidget\" data-feature-name=\"featurebullets\" data-csa-c-id=\"psg74s-xfztsm-ci2rji-cuqj1z\" data-cel-widget=\"featurebullets_feature_div\" style=\"font-size: 14px;\"><div id=\"feature-bullets\" class=\"a-section a-spacing-medium a-spacing-top-small\" style=\"margin-bottom: 0px; margin-top: 8px !important;\"><hr style=\"box-sizing: border-box; background-color: transparent; height: 1px; border-top-color: rgb(231, 231, 231); line-height: 19px; margin-top: 0px; margin-bottom: 14px;\"></div></div></span></h1><h1 class=\"a-size-base-plus a-text-bold\" style=\"padding: 0px 0px 4px; margin-right: 0px; margin-bottom: 0px; margin-left: 0px; text-rendering: optimizelegibility; font-weight: 700 !important; font-size: 16px !important; line-height: 24px !important;\">Sobre este artículo</h1><h1 class=\"a-size-large a-spacing-none\" style=\"padding: 0px; margin-right: 0px; margin-left: 0px; text-rendering: optimizelegibility; color: rgb(15, 17, 17); font-family: &quot;Amazon Ember&quot;, Arial, sans-serif; margin-bottom: 0px !important; font-size: 24px !important; line-height: 32px !important;\"><span class=\"a-size-large product-title-word-break\" style=\"text-rendering: optimizelegibility; word-break: break-word; line-height: 32px !important;\"><div class=\"celwidget\" data-feature-name=\"featurebullets\" data-csa-c-id=\"psg74s-xfztsm-ci2rji-cuqj1z\" data-cel-widget=\"featurebullets_feature_div\" style=\"font-size: 14px;\"><div class=\"a-section a-spacing-medium a-spacing-top-small\" style=\"margin-bottom: 0px; margin-top: 8px !important;\"><ul class=\"a-unordered-list a-vertical a-spacing-mini\" style=\"margin-right: 0px; margin-bottom: 0px; margin-left: 18px; color: rgb(17, 17, 17); padding: 0px;\"><li style=\"list-style: disc; overflow-wrap: break-word; margin: 0px;\"><span class=\"a-list-item\">Audio de alta calidad con graves potentes.</span></li><li style=\"list-style: disc; overflow-wrap: break-word; margin: 0px;\"><span class=\"a-list-item\">Micrófono flexible de 5.9&nbsp;in y omnidireccional.</span></li><li style=\"list-style: disc; overflow-wrap: break-word; margin: 0px;\"><span class=\"a-list-item\">Unidad de controlador: 1.969&nbsp;in, frecuencia: 20 Hz – 20 kHz, impedancia: 21 ohmios.</span></li><li style=\"list-style: disc; overflow-wrap: break-word; margin: 0px;\"><span class=\"a-list-item\">Conexión: con cable, tipo de enchufe: 3. 0.197&nbsp;in. Color: negro.</span></li><li style=\"list-style: disc; overflow-wrap: break-word; margin: 0px;\"><span class=\"a-list-item\">Soporte de software: Windows 7, 8, 8. 1 y 10</span></li></ul></div></div></span></h1><h1 id=\"title\" class=\"a-size-large a-spacing-none\" style=\"padding: 0px; margin-right: 0px; margin-left: 0px; text-rendering: optimizelegibility; color: rgb(15, 17, 17); font-family: &quot;Amazon Ember&quot;, Arial, sans-serif; margin-bottom: 0px !important; font-size: 24px !important; line-height: 32px !important;\"><span id=\"productTitle\" class=\"a-size-large product-title-word-break\" style=\"text-rendering: optimizelegibility; word-break: break-word; line-height: 32px !important;\"></span></h1><h1 id=\"title\" class=\"a-size-large a-spacing-none\" style=\"padding: 0px; margin-right: 0px; margin-left: 0px; text-rendering: optimizelegibility; color: rgb(15, 17, 17); font-family: &quot;Amazon Ember&quot;, Arial, sans-serif; margin-bottom: 0px !important; font-size: 24px !important; line-height: 32px !important;\"><br></h1>', '2020-12-16 12:13:42'),
(48, 13, 17, 'Juego de desarmadores', '1733.jpg', 38, 15.0000, 5, '<p><span style=\"color: rgb(51, 51, 51); font-family: Arial, Helvetica, sans-serif; font-size: 14px;\">Juego de Desarmadores Marca Truper. Juego de Destornilladores BI-materiales, en Estuche. Puntas Cabinet, Phillips y Planas. Mayor Capacidad de Torque por su Diseño de Mango Trilobular. Plástico Rojo Tipo PP Resistente a la Torsión y al Impacto. Plástico Negro Tipo TPE de Caucho Suave para Mejor Agarre. Punta Negra para Evitar el Desprendimiento de Cromo. Juego de 18 Piezas</span><br></p>', '2020-12-16 12:13:42'),
(49, 13, 18, 'Espuma limpiadora', '487.jpg', 98, 2.5000, 7, '<p><span style=\"color: rgb(51, 51, 51); font-family: Heebo; font-size: 15px;\">Espuma limpiadora de uso externo, no corrosiva, de 400 gramos. Especialmente formulada para limpiar superficies plásticas como gabinetes de computadoras, impresoras, escaners, fotocopiadoras, videocassetteras, maquinas de escribir, entre otros.</span><br></p>', '2020-12-16 12:13:42'),
(50, 15, 2, 'FUENTE DE PODER ', '4889.jpg', 10, 80.0000, 99.95, '<div id=\"title_feature_div\" class=\"celwidget\" data-feature-name=\"title\" data-csa-c-id=\"qwe97n-qaf8fm-s1u3lk-3gddw0\" data-cel-widget=\"title_feature_div\" style=\"color: rgb(15, 17, 17); font-family: &quot;Amazon Ember&quot;, Arial, sans-serif; font-size: 14px;\"><div id=\"titleSection\" class=\"a-section a-spacing-none\" style=\"margin-bottom: 0px;\"><h1 id=\"title\" class=\"a-size-large a-spacing-none\" style=\"padding: 0px; margin-right: 0px; margin-left: 0px; text-rendering: optimizelegibility; margin-bottom: 0px !important; font-size: 24px !important; line-height: 32px !important;\"><span id=\"productTitle\" class=\"a-size-large product-title-word-break\" style=\"text-rendering: optimizelegibility; word-break: break-word; line-height: 32px !important;\">Nueva Original fuente de alimentación para Lenovo ThinkCentre M73&nbsp;240&nbsp;W 14-Pin 54y8901</span></h1></div></div><div id=\"bylineInfo_feature_div\" class=\"celwidget\" data-feature-name=\"bylineInfo\" data-csa-c-id=\"slr4ct-9k0v33-wu7peu-22brrt\" data-cel-widget=\"bylineInfo_feature_div\" style=\"color: rgb(15, 17, 17); font-family: &quot;Amazon Ember&quot;, Arial, sans-serif; font-size: 14px;\"><div class=\"a-section a-spacing-none\" style=\"margin-bottom: 0px;\"><a id=\"bylineInfo\" class=\"a-link-normal\" href=\"https://www.amazon.com/-/es/s/ref=bl_dp_s_web_0?ie=UTF8&amp;search-alias=aps&amp;field-keywords=Comp+XP\" style=\"color: rgb(0, 113, 133);\">Marca: Comp XP</a></div><div class=\"a-section a-spacing-none\" style=\"margin-bottom: 0px;\"><br></div><div class=\"a-section a-spacing-none\" style=\"margin-bottom: 0px;\"><table class=\"a-lineitem\" style=\"width: 570px; margin-bottom: 0px !important;\"><tbody><tr id=\"priceblock_ourprice_row\"><td id=\"priceblock_ourprice_lbl\" class=\"a-color-secondary a-size-base a-text-right a-nowrap\" style=\"vertical-align: top; padding: 0px 3px 0px 0px; white-space: nowrap; line-height: 20px !important; color: rgb(86, 89, 89) !important; text-align: right !important;\">Precio:</td><td class=\"a-span12\" style=\"vertical-align: top; padding: 0px 0px 0px 3px; width: 524px; margin-right: 0px; float: none !important;\"><span id=\"priceblock_ourprice\" class=\"a-size-medium a-color-price priceBlockBuyingPriceString\" style=\"text-rendering: optimizelegibility; font-size: 18px !important; line-height: 24px !important; color: rgb(177, 39, 4) !important;\">US$&nbsp;99.95</span></td></tr></tbody></table></div><div class=\"a-section a-spacing-none\" style=\"margin-bottom: 0px;\"><table class=\"a-lineitem\" style=\"width: 570px; margin-bottom: 0px !important;\"><tbody><tr id=\"priceblock_ourprice_row\"><td class=\"a-span12\" style=\"vertical-align: top; padding: 0px 0px 0px 3px; width: 524px; margin-right: 0px; float: none !important;\"><span id=\"priceblock_ourprice\" class=\"a-size-medium a-color-price priceBlockBuyingPriceString\" style=\"text-rendering: optimizelegibility; font-size: 18px !important; line-height: 24px !important; color: rgb(177, 39, 4) !important;\"><table class=\"a-normal a-spacing-micro\" style=\"width: 570px; color: rgb(15, 17, 17); font-size: 14px; margin-bottom: 4px !important;\"><tbody><tr class=\"a-spacing-small\" style=\"margin-bottom: 8px !important;\"><td class=\"a-span3\" style=\"vertical-align: top; padding: 0px 3px 3px 0px; margin-right: 0px; width: 149px; float: none !important;\"><span class=\"a-size-base a-text-bold\" style=\"font-weight: 700 !important; line-height: 20px !important;\">Marca</span></td><td class=\"a-span9\" style=\"vertical-align: top; padding: 0px 0px 3px 3px; margin-right: 0px; width: 421px; float: none !important;\"><span class=\"a-size-base\" style=\"line-height: 20px !important;\">Comp XP</span></td></tr><tr class=\"a-spacing-small\" style=\"margin-bottom: 8px !important;\"><td class=\"a-span3\" style=\"vertical-align: top; padding: 3px 3px 3px 0px; margin-right: 0px; width: 149px; float: none !important;\"><span class=\"a-size-base a-text-bold\" style=\"font-weight: 700 !important; line-height: 20px !important;\">Output Wattage</span></td><td class=\"a-span9\" style=\"vertical-align: top; padding: 3px 0px 3px 3px; margin-right: 0px; width: 421px; float: none !important;\"><span class=\"a-size-base\" style=\"line-height: 20px !important;\">240 Vatios</span></td></tr><tr class=\"a-spacing-small\" style=\"margin-bottom: 8px !important;\"><td class=\"a-span3\" style=\"vertical-align: top; padding: 3px 3px 0px 0px; margin-right: 0px; width: 149px; float: none !important;\"><span class=\"a-size-base a-text-bold\" style=\"font-weight: 700 !important; line-height: 20px !important;\">Vataje</span></td><td class=\"a-span9\" style=\"vertical-align: top; padding: 3px 0px 0px 3px; margin-right: 0px; width: 421px; float: none !important;\"><span class=\"a-size-base\" style=\"line-height: 20px !important;\">240 vatios</span></td></tr></tbody></table></span></td></tr></tbody></table></div></div>', '2020-12-15 02:15:48'),
(51, 15, 5, 'FUENTE DE PODER ', '3448.jpg', 20, 120.0000, 150, '<h1 id=\"title\" class=\"a-size-large a-spacing-none\" style=\"padding: 0px; margin-right: 0px; margin-left: 0px; text-rendering: optimizelegibility; color: rgb(15, 17, 17); font-family: &quot;Amazon Ember&quot;, Arial, sans-serif; margin-bottom: 0px !important; font-size: 24px !important; line-height: 32px !important;\"><span id=\"productTitle\" class=\"a-size-large product-title-word-break\" style=\"text-rendering: optimizelegibility; word-break: break-word; font-size: 19px !important; line-height: 32px !important;\">GIGABYTE AORUS AP850GM – Fuente de alimentación (850W, Active PFC, 80 Plus Gold, ATX, EU)</span></h1><h1 id=\"title\" class=\"a-size-large a-spacing-none\" style=\"padding: 0px; margin-right: 0px; margin-left: 0px; text-rendering: optimizelegibility; color: rgb(15, 17, 17); font-family: &quot;Amazon Ember&quot;, Arial, sans-serif; margin-bottom: 0px !important; font-size: 24px !important; line-height: 32px !important;\"><span id=\"productTitle\" class=\"a-size-large product-title-word-break\" style=\"text-rendering: optimizelegibility; word-break: break-word; font-size: 19px !important; line-height: 32px !important;\"><div id=\"productOverview_feature_div\" class=\"celwidget\" data-feature-name=\"productOverview\" data-csa-c-id=\"m47w7b-mhdr1t-xks1ma-hvc9n4\" data-cel-widget=\"productOverview_feature_div\" style=\"font-size: 14px;\"><div class=\"a-section a-spacing-small a-spacing-top-small\" style=\"margin-bottom: 0px; margin-top: 8px !important;\"><table class=\"a-normal a-spacing-micro\" style=\"width: 366px; margin-bottom: 4px !important;\"><tbody><tr class=\"a-spacing-small\" style=\"margin-bottom: 8px !important;\"><td class=\"a-span3\" style=\"vertical-align: top; padding: 0px 3px 3px 0px; margin-right: 0px; width: 96px; float: none !important;\"><span class=\"a-size-base a-text-bold\" style=\"font-weight: 700 !important; line-height: 20px !important;\">Series</span></td><td class=\"a-span9\" style=\"vertical-align: top; padding: 0px 0px 3px 3px; margin-right: 0px; width: 270px; float: none !important;\"><span class=\"a-size-base\" style=\"line-height: 20px !important;\">Aorus GP-AP850GM</span></td></tr><tr class=\"a-spacing-small\" style=\"margin-bottom: 8px !important;\"><td class=\"a-span3\" style=\"vertical-align: top; padding: 3px 3px 3px 0px; margin-right: 0px; width: 96px; float: none !important;\"><span class=\"a-size-base a-text-bold\" style=\"font-weight: 700 !important; line-height: 20px !important;\">Marca</span></td><td class=\"a-span9\" style=\"vertical-align: top; padding: 3px 0px 3px 3px; margin-right: 0px; width: 270px; float: none !important;\"><span class=\"a-size-base\" style=\"line-height: 20px !important;\">Gigabyte Technology</span></td></tr><tr class=\"a-spacing-small\" style=\"margin-bottom: 8px !important;\"><td class=\"a-span3\" style=\"vertical-align: top; padding: 3px 3px 3px 0px; margin-right: 0px; width: 96px; float: none !important;\"><span class=\"a-size-base a-text-bold\" style=\"font-weight: 700 !important; line-height: 20px !important;\">Tipo de conector</span></td><td class=\"a-span9\" style=\"vertical-align: top; padding: 3px 0px 3px 3px; margin-right: 0px; width: 270px; float: none !important;\"><span class=\"a-size-base\" style=\"line-height: 20px !important;\"><span class=\"a-truncate\" data-a-word-break=\"normal\" data-a-max-rows=\"3\" data-a-overflow-marker=\"&amp;hellip;\" data-a-recalculate=\"false\" data-a-updated=\"true\" style=\"display: inline-block; position: relative; width: 267px; overflow: hidden; word-break: normal; max-height: 3.9em; line-height: 1.3em !important;\"><span class=\"a-truncate-full a-offscreen\" style=\"display: inline-block; width: 267px; opacity: 0; position: absolute !important; left: 0px !important; bottom: -1px !important; z-index: -1 !important;\">Conector SATA, Conector PCI-E de 6+2&nbsp;pines, Conector periférico de 4 pines, Conector floppy de 4 pines</span><span class=\"a-truncate-cut\" aria-hidden=\"true\" style=\"display: inline-block; width: 267px; height: auto;\">Conector SATA, Conector PCI-E de 6+2&nbsp;pines, Conector periférico de 4 pines, Conector floppy de 4 pines</span></span></span>&nbsp;<span class=\"a-declarative\" data-action=\"a-modal\" data-a-modal=\"{&quot;max-height&quot;:&quot;400&quot;,&quot;width&quot;:&quot;800&quot;,&quot;header&quot;:&quot;Tipo de conector&quot;,&quot;inlineContent&quot;:&quot;Conector SATA, Conector PCI-E de 6+2&nbsp;pines, Conector periférico de 4 pines, Conector floppy de 4 pines&quot;}\"><a class=\"a-popover-trigger a-declarative\" style=\"color: rgb(0, 113, 133);\">Ver más<i class=\"a-icon a-icon-popover\" style=\"background-image: url(&quot;https://m.media-amazon.com/images/S/sash/McBZv0ZvnbehkIx.png&quot;); background-size: 400px 900px; background-repeat: no-repeat; display: inline-block; vertical-align: text-top; margin: 5px 0px 0px 0.385em; width: 7px; height: 5px; background-position: -90px -5px; opacity: 0.6;\"></i></a></span></td></tr><tr class=\"a-spacing-small\" style=\"margin-bottom: 8px !important;\"><td class=\"a-span3\" style=\"vertical-align: top; padding: 3px 3px 3px 0px; margin-right: 0px; width: 96px; float: none !important;\"><span class=\"a-size-base a-text-bold\" style=\"font-weight: 700 !important; line-height: 20px !important;\">Output Wattage</span></td><td class=\"a-span9\" style=\"vertical-align: top; padding: 3px 0px 3px 3px; margin-right: 0px; width: 270px; float: none !important;\"><span class=\"a-size-base\" style=\"line-height: 20px !important;\">850</span></td></tr><tr class=\"a-spacing-small\" style=\"margin-bottom: 8px !important;\"><td class=\"a-span3\" style=\"vertical-align: top; padding: 3px 3px 0px 0px; margin-right: 0px; width: 96px; float: none !important;\"><span class=\"a-size-base a-text-bold\" style=\"font-weight: 700 !important; line-height: 20px !important;\">Factor de forma</span></td><td class=\"a-span9\" style=\"vertical-align: top; padding: 3px 0px 0px 3px; margin-right: 0px; width: 270px; float: none !important;\"><span class=\"a-size-base\" style=\"line-height: 20px !important;\">ATX</span></td></tr></tbody></table></div></div><div id=\"featurebullets_feature_div\" class=\"celwidget\" data-feature-name=\"featurebullets\" data-csa-c-id=\"nrfto5-mkipn0-n0fsr9-xnfqiz\" data-cel-widget=\"featurebullets_feature_div\" style=\"font-size: 14px;\"><div id=\"feature-bullets\" class=\"a-section a-spacing-medium a-spacing-top-small\" style=\"margin-bottom: 0px; margin-top: 8px !important;\"><hr style=\"box-sizing: border-box; background-color: transparent; height: 1px; border-top-color: rgb(231, 231, 231); line-height: 19px; margin-top: 0px; margin-bottom: 14px;\"></div></div></span></h1><h1 class=\"a-size-base-plus a-text-bold\" style=\"padding: 0px 0px 4px; margin-right: 0px; margin-bottom: 0px; margin-left: 0px; text-rendering: optimizelegibility; font-weight: 700 !important; font-size: 16px !important; line-height: 24px !important;\">Acerca de este producto</h1><h1 class=\"a-size-large a-spacing-none\" style=\"padding: 0px; margin-right: 0px; margin-left: 0px; text-rendering: optimizelegibility; color: rgb(15, 17, 17); font-family: &quot;Amazon Ember&quot;, Arial, sans-serif; margin-bottom: 0px !important; font-size: 24px !important; line-height: 32px !important;\"><span class=\"a-size-large product-title-word-break\" style=\"text-rendering: optimizelegibility; word-break: break-word; font-size: 19px !important; line-height: 32px !important;\"><div class=\"celwidget\" data-feature-name=\"featurebullets\" data-csa-c-id=\"nrfto5-mkipn0-n0fsr9-xnfqiz\" data-cel-widget=\"featurebullets_feature_div\" style=\"font-size: 14px;\"><div class=\"a-section a-spacing-medium a-spacing-top-small\" style=\"margin-bottom: 0px; margin-top: 8px !important;\"><ul class=\"a-unordered-list a-vertical a-spacing-mini\" style=\"margin-right: 0px; margin-bottom: 0px; margin-left: 18px; color: rgb(17, 17, 17); padding: 0px;\"><li style=\"list-style: disc; overflow-wrap: break-word; margin: 0px;\"><span class=\"a-list-item\">Certificación de eficiencia 80 Plus Gold: Funciona sin calentarse y emplea menos energía que las fuentes de alimentación sin certificación, logrando un menor consumo.</span></li><li style=\"list-style: disc; overflow-wrap: break-word; margin: 0px;\"><span class=\"a-list-item\">Diseño completamente modular, ayudando a una instalación más eficiente ayudando a una mejor ventilación del equipo.</span></li><li style=\"list-style: disc; overflow-wrap: break-word; margin: 0px;\"><span class=\"a-list-item\">Condensadores 100% japoneses de alta calidad, con una durabilidad 4 veces superior a los condensadores convencionales.</span></li><li style=\"list-style: disc; overflow-wrap: break-word; margin: 0px;\"><span class=\"a-list-item\">Ventilador de aspas de 140mm con Smart control. El ventilador se parará cuando el sistema se encuentre por debajo del 20% de carga, silenciando todo ruido.</span></li><li style=\"list-style: disc; overflow-wrap: break-word; margin: 0px;\"><span class=\"a-list-item\">Protección contra picos de corriente OCP, sobretensión OVP, UVP Protección de bajo voltaje, protección contra sobrecarga OLP/protección SCP, OPP, cortocircuitos sobrecalentamiento OTP</span></li></ul></div></div></span></h1>', '2020-12-15 02:24:34'),
(52, 15, 5, 'FUENTE DE PODER ', '4060.jpg', 20, 120.0000, 145, '<h1 id=\"title\" class=\"a-size-large a-spacing-none\" style=\"padding: 0px; margin-right: 0px; margin-left: 0px; text-rendering: optimizelegibility; color: rgb(15, 17, 17); font-family: &quot;Amazon Ember&quot;, Arial, sans-serif; margin-bottom: 0px !important; font-size: 24px !important; line-height: 32px !important;\"><span id=\"productTitle\" class=\"a-size-large product-title-word-break\" style=\"text-rendering: optimizelegibility; word-break: break-word; line-height: 32px !important;\">Corsair fuente de alimentación</span></h1><h1 id=\"title\" class=\"a-size-large a-spacing-none\" style=\"padding: 0px; margin-right: 0px; margin-left: 0px; text-rendering: optimizelegibility; color: rgb(15, 17, 17); font-family: &quot;Amazon Ember&quot;, Arial, sans-serif; margin-bottom: 0px !important; font-size: 24px !important; line-height: 32px !important;\"><span id=\"productTitle\" class=\"a-size-large product-title-word-break\" style=\"text-rendering: optimizelegibility; word-break: break-word; line-height: 32px !important;\"><div id=\"productOverview_feature_div\" class=\"celwidget\" data-feature-name=\"productOverview\" data-csa-c-id=\"9cq4hd-ufo3iv-416uth-akh1my\" data-cel-widget=\"productOverview_feature_div\" style=\"font-size: 14px;\"><div class=\"a-section a-spacing-small a-spacing-top-small\" style=\"margin-bottom: 0px; margin-top: 8px !important;\"><table class=\"a-normal a-spacing-micro\" style=\"width: 366px; margin-bottom: 4px !important;\"><tbody><tr class=\"a-spacing-small\" style=\"margin-bottom: 8px !important;\"><td class=\"a-span3\" style=\"vertical-align: top; padding: 0px 3px 3px 0px; margin-right: 0px; width: 96px; float: none !important;\"><span class=\"a-size-base a-text-bold\" style=\"font-weight: 700 !important; line-height: 20px !important;\">Marca</span></td><td class=\"a-span9\" style=\"vertical-align: top; padding: 0px 0px 3px 3px; margin-right: 0px; width: 270px; float: none !important;\"><span class=\"a-size-base\" style=\"line-height: 20px !important;\">Corsair</span></td></tr><tr class=\"a-spacing-small\" style=\"margin-bottom: 8px !important;\"><td class=\"a-span3\" style=\"vertical-align: top; padding: 3px 3px 3px 0px; margin-right: 0px; width: 96px; float: none !important;\"><span class=\"a-size-base a-text-bold\" style=\"font-weight: 700 !important; line-height: 20px !important;\">Output Wattage</span></td><td class=\"a-span9\" style=\"vertical-align: top; padding: 3px 0px 3px 3px; margin-right: 0px; width: 270px; float: none !important;\"><span class=\"a-size-base\" style=\"line-height: 20px !important;\">850 Vatios</span></td></tr><tr class=\"a-spacing-small\" style=\"margin-bottom: 8px !important;\"><td class=\"a-span3\" style=\"vertical-align: top; padding: 3px 3px 3px 0px; margin-right: 0px; width: 96px; float: none !important;\"><span class=\"a-size-base a-text-bold\" style=\"font-weight: 700 !important; line-height: 20px !important;\">Tipo de producto</span></td><td class=\"a-span9\" style=\"vertical-align: top; padding: 3px 0px 3px 3px; margin-right: 0px; width: 270px; float: none !important;\"><span class=\"a-size-base\" style=\"line-height: 20px !important;\">ATX12V / EPS12V</span></td></tr><tr class=\"a-spacing-small\" style=\"margin-bottom: 8px !important;\"><td class=\"a-span3\" style=\"vertical-align: top; padding: 3px 3px 3px 0px; margin-right: 0px; width: 96px; float: none !important;\"><span class=\"a-size-base a-text-bold\" style=\"font-weight: 700 !important; line-height: 20px !important;\">Vataje</span></td><td class=\"a-span9\" style=\"vertical-align: top; padding: 3px 0px 3px 3px; margin-right: 0px; width: 270px; float: none !important;\"><span class=\"a-size-base\" style=\"line-height: 20px !important;\">935 vatios</span></td></tr><tr class=\"a-spacing-small\" style=\"margin-bottom: 8px !important;\"><td class=\"a-span3\" style=\"vertical-align: top; padding: 3px 3px 0px 0px; margin-right: 0px; width: 96px; float: none !important;\"><span class=\"a-size-base a-text-bold\" style=\"font-weight: 700 !important; line-height: 20px !important;\">Power Supply Design</span></td><td class=\"a-span9\" style=\"vertical-align: top; padding: 3px 0px 0px 3px; margin-right: 0px; width: 270px; float: none !important;\"><span class=\"a-size-base\" style=\"line-height: 20px !important;\">Full Modular</span></td></tr></tbody></table></div></div><div id=\"featurebullets_feature_div\" class=\"celwidget\" data-feature-name=\"featurebullets\" data-csa-c-id=\"gir7bu-ptv4y3-r0glbm-b1i4so\" data-cel-widget=\"featurebullets_feature_div\" style=\"font-size: 14px;\"><div id=\"feature-bullets\" class=\"a-section a-spacing-medium a-spacing-top-small\" style=\"margin-bottom: 0px; margin-top: 8px !important;\"><hr style=\"box-sizing: border-box; background-color: transparent; height: 1px; border-top-color: rgb(231, 231, 231); line-height: 19px; margin-top: 0px; margin-bottom: 14px;\"></div></div></span></h1><h1 class=\"a-size-base-plus a-text-bold\" style=\"padding: 0px 0px 4px; margin-right: 0px; margin-bottom: 0px; margin-left: 0px; text-rendering: optimizelegibility; font-weight: 700 !important; font-size: 16px !important; line-height: 24px !important;\">Sobre este artículo</h1><h1 class=\"a-size-large a-spacing-none\" style=\"padding: 0px; margin-right: 0px; margin-left: 0px; text-rendering: optimizelegibility; color: rgb(15, 17, 17); font-family: &quot;Amazon Ember&quot;, Arial, sans-serif; margin-bottom: 0px !important; font-size: 24px !important; line-height: 32px !important;\"><span class=\"a-size-large product-title-word-break\" style=\"text-rendering: optimizelegibility; word-break: break-word; line-height: 32px !important;\"><div class=\"celwidget\" data-feature-name=\"featurebullets\" data-csa-c-id=\"gir7bu-ptv4y3-r0glbm-b1i4so\" data-cel-widget=\"featurebullets_feature_div\" style=\"font-size: 14px;\"><div class=\"a-section a-spacing-medium a-spacing-top-small\" style=\"margin-bottom: 0px; margin-top: 8px !important;\"><ul class=\"a-unordered-list a-vertical a-spacing-mini\" style=\"margin-right: 0px; margin-bottom: 0px; margin-left: 18px; color: rgb(17, 17, 17); padding: 0px;\"><li style=\"list-style: disc; overflow-wrap: break-word; margin: 0px;\"><span class=\"a-list-item\">80 PLUS Gold certified</span></li><li style=\"list-style: disc; overflow-wrap: break-word; margin: 0px;\"><span class=\"a-list-item\">105 DegreeC all Japanese capacitors for unwavering power and reliability</span></li><li style=\"list-style: disc; overflow-wrap: break-word; margin: 0px;\"><span class=\"a-list-item\">Multi-rail +12V is configurable to single rail</span></li><li style=\"list-style: disc; overflow-wrap: break-word; margin: 0px;\"><span class=\"a-list-item\">FDB 135mm fan with Zero RPM mode for ultra-low noise operation</span></li><li style=\"list-style: disc; overflow-wrap: break-word; margin: 0px;\"><span class=\"a-list-item\">Corsair Link monitoring and control</span></li><li style=\"list-style: disc; overflow-wrap: break-word; margin: 0px;\"><span class=\"a-list-item\">Ten year warranty: Your guarantee of reliable operation that will last across several system builds</span></li></ul></div></div></span></h1>', '2020-12-15 02:55:40'),
(53, 14, 19, 'Windows 10 pro llaves de activacion full', '2368.jpg', 450, 25.0000, 90, '                                                                                                                                                                                                        <ul style=\"margin-bottom: 14.5px; color: rgb(76, 76, 76); font-family: rubik, Helvetica, Arial, sans-serif; font-size: 14px;\"><li>Contiene 1 Licencia de Windows 10 Pro</li><li>Idioma Español</li><li>Descarga Digital/ESD</li></ul>                                                                                                                                                                                    ', '2020-12-15 15:42:40'),
(54, 14, 20, 'Avast Premiere 2020', '2037.jpg', 500, 25.0000, 40, '                                                                                <ul style=\"margin: 1.5em 0px 1.571em 1.9em; padding: 0px; border: 0px; font-variant-numeric: inherit; font-variant-east-asian: inherit; font-stretch: inherit; line-height: inherit; font-family: Raleway; vertical-align: baseline; list-style: square; color: rgb(68, 68, 68);\"><li style=\"margin: 0px; padding: 0px; border: 0px; font: inherit; vertical-align: baseline;\">Protección en línea: Avast te protege de las amenazas de internet mediante un escudo web que garantiza que tu información personal esté a salvo.</li><li style=\"margin: 0px; padding: 0px; border: 0px; font: inherit; vertical-align: baseline;\">Licencia incluida: Si usted buscaba algún crack para activar este programa, no tendrá que preocuparse porque esta versión de Avast Premier 2020 con licencia incluida le da la tranquilidad de disfrutar este programas desde el momento en que lo instala.</li><li style=\"margin: 0px; padding: 0px; border: 0px; font: inherit; vertical-align: baseline;\">Protección antivirus: Todo tipo de malware y spyware es detectado y eliminado en tiempo real. Contamos con la mejor tecnología heurística para la detección preventiva de software malintencionado.</li><li style=\"margin: 0px; padding: 0px; border: 0px; font: inherit; vertical-align: baseline;\">Protección en todos los dispositivos: Descarga Avast Premium Security que te brinda protección simultánea en tu ordenador y dispositivos</li><li style=\"margin: 0px; padding: 0px; border: 0px; font: inherit; vertical-align: baseline;\">móviles.</li></ul>                                                                        ', '2020-12-15 15:33:02'),
(55, 14, 19, 'Office 365 home todo full', '3267.jpg', 300, 25.0000, 89, '                                                                                                                                                                                                                                                <p style=\"-webkit-tap-highlight-color: transparent; margin-right: 0px; margin-bottom: 30px; margin-left: 0px; line-height: 1.618; color: rgb(60, 72, 88); font-family: Roboto, Helvetica, Arial, sans-serif; font-size: 14px;\">• Para una persona</p><p style=\"-webkit-tap-highlight-color: transparent; margin-right: 0px; margin-bottom: 30px; margin-left: 0px; line-height: 1.618; color: rgb(60, 72, 88); font-family: Roboto, Helvetica, Arial, sans-serif; font-size: 14px;\">• Para usar en varios PC/Mac, tabletas y teléfonos (incluidos Windows, iOS y Android*)</p><p style=\"-webkit-tap-highlight-color: transparent; margin-right: 0px; margin-bottom: 30px; margin-left: 0px; line-height: 1.618; color: rgb(60, 72, 88); font-family: Roboto, Helvetica, Arial, sans-serif; font-size: 14px;\">• Versiones Premium de Word, Excel, PowerPoint, OneDrive y Outlook, además de Publisher y Access solo para PC</p><p style=\"-webkit-tap-highlight-color: transparent; margin-right: 0px; margin-bottom: 30px; margin-left: 0px; line-height: 1.618; color: rgb(60, 72, 88); font-family: Roboto, Helvetica, Arial, sans-serif; font-size: 14px;\">• Almacenamiento de nube de OneDrive de 1 TB con seguridad avanzada</p><p style=\"-webkit-tap-highlight-color: transparent; margin-right: 0px; margin-bottom: 30px; margin-left: 0px; line-height: 1.618; color: rgb(60, 72, 88); font-family: Roboto, Helvetica, Arial, sans-serif; font-size: 14px;\">• Colaborar en documentos con otras personas al mismo tiempo</p><p style=\"-webkit-tap-highlight-color: transparent; margin-right: 0px; margin-bottom: 30px; margin-left: 0px; line-height: 1.618; color: rgb(60, 72, 88); font-family: Roboto, Helvetica, Arial, sans-serif; font-size: 14px;\">• Soporte técnico por teléfono o chat con los expertos de Microsoft</p><p style=\"-webkit-tap-highlight-color: transparent; margin-right: 0px; margin-bottom: 30px; margin-left: 0px; line-height: 1.618; color: rgb(60, 72, 88); font-family: Roboto, Helvetica, Arial, sans-serif; font-size: 14px;\">• Suscripción anual o mensual. La suscripción se renovará de forma automática. Puedes cancelarla en cualquier momento.</p><p style=\"-webkit-tap-highlight-color: transparent; margin-right: 0px; margin-bottom: 30px; margin-left: 0px; line-height: 1.618; color: rgb(60, 72, 88); font-family: Roboto, Helvetica, Arial, sans-serif; font-size: 14px;\">* iOS y Android requieren la descarga de una aplicación independiente</p>                                                                                                                                                                                                                        ', '2020-12-15 15:43:31');

-- --------------------------------------------------------

--
-- Estructura de tabla para la tabla `roles_usuario`
--

CREATE TABLE `roles_usuario` (
  `id` int(11) NOT NULL,
  `nombre` varchar(60) COLLATE utf8_unicode_ci NOT NULL,
  `descripcion` text COLLATE utf8_unicode_ci NOT NULL
) ENGINE=InnoDB DEFAULT CHARSET=utf8 COLLATE=utf8_unicode_ci;

--
-- Volcado de datos para la tabla `roles_usuario`
--

INSERT INTO `roles_usuario` (`id`, `nombre`, `descripcion`) VALUES
(1, 'Root', 'El usuario tendrá el control total del sistema'),
(2, 'Admin', 'Para el dueño de la tienda.'),
(3, 'Empleado', 'Solo puede ver los pedidos que los clientes realicen en la tienda virtual y sacar los reportes de ventas.'),
(4, 'Cliente', 'Este usuario es para los cliente que se registren en la tienda.');

-- --------------------------------------------------------

--
-- Estructura de tabla para la tabla `usuarios`
--

CREATE TABLE `usuarios` (
  `id` int(11) NOT NULL,
  `nombres` varchar(100) COLLATE utf8_unicode_ci NOT NULL,
  `apellidos` varchar(60) COLLATE utf8_unicode_ci NOT NULL,
  `direccion` text COLLATE utf8_unicode_ci NOT NULL,
  `email` varchar(255) COLLATE utf8_unicode_ci NOT NULL,
  `usuario` char(50) COLLATE utf8_unicode_ci DEFAULT NULL,
  `pass` varchar(255) COLLATE utf8_unicode_ci NOT NULL,
  `sexo` int(11) DEFAULT 0,
  `telefono` int(11) DEFAULT NULL,
  `imagen` varchar(255) COLLATE utf8_unicode_ci NOT NULL,
  `roles_id` int(11) DEFAULT NULL
) ENGINE=InnoDB DEFAULT CHARSET=utf8 COLLATE=utf8_unicode_ci;

--
-- Volcado de datos para la tabla `usuarios`
--

INSERT INTO `usuarios` (`id`, `nombres`, `apellidos`, `direccion`, `email`, `usuario`, `pass`, `sexo`, `telefono`, `imagen`, `roles_id`) VALUES
(1, 'Kelvin Adonay', 'Vásquez Domínguez', 'Santiago Nonualco, Depto. La Paz', 'kelvin@gmail.com', 'kelvin', '$2y$10$H1skq2VQ2wROkExqOVD9G.ICQIr0ZOcxcuTTsdkvoYP7nTz/CJo.G', 1, 5555555, '4593.png', 1),
(2, 'Emerson Noel', 'Saravia Lopez', '', 'emerson@gmail.com', 'emersonsaravia27', '$2y$10$ngGYu5nCoHmh8tAxME7LyeBAdxIVRwzJHxjnJf.VV5xptQ0rWAl6u', 0, 0, '', 4),
(3, 'sergio', 'lopez', 'san salvador', 'sergio@gmail.com', 'sergiolopez00', '$2y$10$j7wHMoJFHPk23IeTnLXOIOrXS/ilBhX2Nq52eBw/8QvfvqBPlKu82', 1, 565654, '0049.png', 2),
(4, 'Julio Cesar', 'Hernandez Perez', 'SAn Salvador', 'juliocesar@gmail.com', 'juliohernandez30', '$2y$10$Yr/PAkSvkbETyJSkcqWG9OusjdJu7G6rMCq1.TXT9txFpM2yqkr8W', 1, 9798798, '3029.png', 2),
(5, 'Luz Clarita', 'Henríquez de la Cruz', 'SAn Salvador', 'luz@gmail.com', 'luz', '$2y$10$0MCbFYDq0VuJlBSC76yQzOKLkrvSoglRWemuSF6HeZw5FXLs9/xiu', 2, 545646, '2080.jpg', 2),
(6, 'Emerson Noel', 'Saravia Lopez', 'SAn Salvador', 'emerson@gmail.com', 'emersonsaravia51', '$2y$10$HrFXuQkaYWjYzvp0fHm8XekOl14BN01k6XkkIHPKavYOB/mgw2EDa', NULL, 54654654, '5146.png', 3),
(7, 'Emerson Brayan', 'Hernandez Juarez', 'SAn Salvador', 'emersona2020@gmail.com', 'emersonhernandez01', '$2y$10$XEmR17VGZ/F5ojjY.aoBVuFWK2zEHtiuKD0ewVIuYZklDa5f3Arzu', 1, 784521, '0132.png', 2),
(11, 'Josselin Andrea', 'Juarez Jolen', '000000', 'josselin@gmail.com', 'josselinjuarez09', '$2y$10$bmZzikPekgbblCJmj8l92uZ8x9u.V9U8AbpxCI4UC1QjTx9oomhRS', 0, 0, '0', 4),
(12, 'prueba3', 'prueba3', '000000', 'prueba@gmail.com', 'prueba3prueba336', '$2y$10$kY8fWkOBr2lLMnNDhGe5t.No9sMQUWXh0iJEMttlhvALG/rUV1NrO', 0, 0, '0', 4),
(13, 'prueba4', 'prueba4', '000000', 'prueba4@gmail.com', 'prueba4prueba445', '$2y$10$D4AD8zWJJvioOCkargKDpOfCoSCqFTKw9tG1Ej60A3ATsj65YR0Ze', 0, 0, '0', 4);

-- --------------------------------------------------------

--
-- Estructura de tabla para la tabla `ventas`
--

CREATE TABLE `ventas` (
  `id_venta` int(11) NOT NULL,
  `id_usuario` int(11) DEFAULT NULL,
  `orderID` varchar(255) COLLATE utf8_unicode_ci DEFAULT NULL,
  `payerID` varchar(255) COLLATE utf8_unicode_ci DEFAULT NULL,
  `paymentID` varchar(255) COLLATE utf8_unicode_ci DEFAULT NULL,
  `paymentToken` varchar(255) COLLATE utf8_unicode_ci DEFAULT NULL,
  `fechaCompra` timestamp NULL DEFAULT current_timestamp() ON UPDATE current_timestamp()
) ENGINE=InnoDB DEFAULT CHARSET=utf8 COLLATE=utf8_unicode_ci;

--
-- Volcado de datos para la tabla `ventas`
--

INSERT INTO `ventas` (`id_venta`, `id_usuario`, `orderID`, `payerID`, `paymentID`, `paymentToken`, `fechaCompra`) VALUES
(1, 2, '0', '0', '0', '0', '2020-12-03 03:28:01'),
(2, 2, 'EC-9MR56791VH4075702', '4V3P7MUMFPXCS', 'PAYID-L7EFXKI0UP05913RG901925W', 'EC-9MR56791VH4075702', '2020-12-03 03:30:18'),
(3, 2, 'EC-71A24716NJ3910335', '4V3P7MUMFPXCS', 'PAYID-L7EFZLY6CJ77300SY9801636', 'EC-71A24716NJ3910335', '2020-12-03 03:34:34'),
(4, 2, 'EC-7EA51480YF094543J', '4V3P7MUMFPXCS', 'PAYID-L7JJ3QA2YM03422U89019615', 'EC-7EA51480YF094543J', '2020-12-10 22:14:55'),
(5, 2, 'EC-1DB64810FR184263F', '4V3P7MUMFPXCS', 'PAYID-L7JJ5GI3PU45545X58476235', 'EC-1DB64810FR184263F', '2020-12-10 22:18:17'),
(6, 2, 'EC-68W371983H195470P', '4V3P7MUMFPXCS', 'PAYID-L7LBAUY3CA55874Y27485532', 'EC-68W371983H195470P', '2020-12-13 13:00:34'),
(7, 2, 'EC-0B415588NR783780F', '4V3P7MUMFPXCS', 'PAYID-L7LBLEI0KR4789132039242X', 'EC-0B415588NR783780F', '2020-12-13 13:22:43'),
(8, 7, '0', '0', '0', '0', '2020-12-13 22:45:04'),
(9, 1, 'EC-9SG57514XH8601048', '4V3P7MUMFPXCS', 'PAYID-L7M7F2Q7C415741HV972351G', 'EC-9SG57514XH8601048', '2020-12-16 11:44:36'),
(10, 1, 'EC-8BE72539ER3972038', '4V3P7MUMFPXCS', 'PAYID-L7M7G4Q8TM0293728303133T', 'EC-8BE72539ER3972038', '2020-12-16 11:46:09'),
(11, 1, '0', '0', '0', '0', '2020-12-16 12:09:09'),
(12, 1, 'EC-98607999LA525125R', '4V3P7MUMFPXCS', 'PAYID-L7M7SMA28672068U7508281U', 'EC-98607999LA525125R', '2020-12-16 12:11:01'),
(13, 1, '0', '0', '0', '0', '2020-12-16 12:13:22'),
(14, 1, 'EC-5GU93168UP0763847', '4V3P7MUMFPXCS', 'PAYID-L7M7T7I5H5624795A827232V', 'EC-5GU93168UP0763847', '2020-12-16 12:14:07'),
(15, 1, '0', '0', '0', '0', '2020-12-16 12:14:34'),
(16, 1, '0', '0', '0', '0', '2020-12-16 12:16:32'),
(17, 1, 'EC-232532470N1348256', '4V3P7MUMFPXCS', 'PAYID-L7M7XVI91L409800S707970E', 'EC-232532470N1348256', '2020-12-16 12:21:59'),
(18, 1, 'EC-9N7127213J973861H', '4V3P7MUMFPXCS', 'PAYID-L7NASSY0BC04715EY7987849', 'EC-9N7127213J973861H', '2020-12-16 13:19:45');

--
-- Índices para tablas volcadas
--

--
-- Indices de la tabla `categorias`
--
ALTER TABLE `categorias`
  ADD PRIMARY KEY (`id_categoria`);

--
-- Indices de la tabla `comentarios`
--
ALTER TABLE `comentarios`
  ADD PRIMARY KEY (`id`),
  ADD KEY `producto_id` (`producto_id`);

--
-- Indices de la tabla `detalle_venta_producto`
--
ALTER TABLE `detalle_venta_producto`
  ADD PRIMARY KEY (`id`),
  ADD KEY `idventa` (`idventa`),
  ADD KEY `idproducto` (`idproducto`);

--
-- Indices de la tabla `imagen_details`
--
ALTER TABLE `imagen_details`
  ADD PRIMARY KEY (`id`),
  ADD KEY `imagen_details_FK` (`producto_id`);

--
-- Indices de la tabla `marcas`
--
ALTER TABLE `marcas`
  ADD PRIMARY KEY (`id`);

--
-- Indices de la tabla `productos`
--
ALTER TABLE `productos`
  ADD PRIMARY KEY (`id_producto`),
  ADD KEY `id_categoria` (`id_categoria`),
  ADD KEY `id_marca_producto` (`id_marca_producto`);

--
-- Indices de la tabla `roles_usuario`
--
ALTER TABLE `roles_usuario`
  ADD PRIMARY KEY (`id`);

--
-- Indices de la tabla `usuarios`
--
ALTER TABLE `usuarios`
  ADD PRIMARY KEY (`id`),
  ADD UNIQUE KEY `email` (`email`,`usuario`),
  ADD KEY `roles_id` (`roles_id`);

--
-- Indices de la tabla `ventas`
--
ALTER TABLE `ventas`
  ADD PRIMARY KEY (`id_venta`),
  ADD KEY `id_usuario` (`id_usuario`);

--
-- AUTO_INCREMENT de las tablas volcadas
--

--
-- AUTO_INCREMENT de la tabla `categorias`
--
ALTER TABLE `categorias`
  MODIFY `id_categoria` int(11) NOT NULL AUTO_INCREMENT, AUTO_INCREMENT=17;

--
-- AUTO_INCREMENT de la tabla `comentarios`
--
ALTER TABLE `comentarios`
  MODIFY `id` int(11) NOT NULL AUTO_INCREMENT;

--
-- AUTO_INCREMENT de la tabla `detalle_venta_producto`
--
ALTER TABLE `detalle_venta_producto`
  MODIFY `id` int(11) NOT NULL AUTO_INCREMENT, AUTO_INCREMENT=66;

--
-- AUTO_INCREMENT de la tabla `imagen_details`
--
ALTER TABLE `imagen_details`
  MODIFY `id` int(11) NOT NULL AUTO_INCREMENT, AUTO_INCREMENT=143;

--
-- AUTO_INCREMENT de la tabla `marcas`
--
ALTER TABLE `marcas`
  MODIFY `id` int(11) NOT NULL AUTO_INCREMENT, AUTO_INCREMENT=22;

--
-- AUTO_INCREMENT de la tabla `productos`
--
ALTER TABLE `productos`
  MODIFY `id_producto` int(11) NOT NULL AUTO_INCREMENT, AUTO_INCREMENT=57;

--
-- AUTO_INCREMENT de la tabla `roles_usuario`
--
ALTER TABLE `roles_usuario`
  MODIFY `id` int(11) NOT NULL AUTO_INCREMENT, AUTO_INCREMENT=5;

--
-- AUTO_INCREMENT de la tabla `usuarios`
--
ALTER TABLE `usuarios`
  MODIFY `id` int(11) NOT NULL AUTO_INCREMENT, AUTO_INCREMENT=14;

--
-- AUTO_INCREMENT de la tabla `ventas`
--
ALTER TABLE `ventas`
  MODIFY `id_venta` int(11) NOT NULL AUTO_INCREMENT, AUTO_INCREMENT=19;

--
-- Restricciones para tablas volcadas
--

--
-- Filtros para la tabla `comentarios`
--
ALTER TABLE `comentarios`
  ADD CONSTRAINT `comentarios_ibfk_1` FOREIGN KEY (`producto_id`) REFERENCES `productos` (`id_producto`);

--
-- Filtros para la tabla `detalle_venta_producto`
--
ALTER TABLE `detalle_venta_producto`
  ADD CONSTRAINT `detalle_venta_producto_ibfk_1` FOREIGN KEY (`idventa`) REFERENCES `ventas` (`id_venta`),
  ADD CONSTRAINT `detalle_venta_producto_ibfk_2` FOREIGN KEY (`idproducto`) REFERENCES `productos` (`id_producto`);

--
-- Filtros para la tabla `imagen_details`
--
ALTER TABLE `imagen_details`
  ADD CONSTRAINT `imagen_details_FK` FOREIGN KEY (`producto_id`) REFERENCES `productos` (`id_producto`) ON DELETE CASCADE ON UPDATE CASCADE;

--
-- Filtros para la tabla `productos`
--
ALTER TABLE `productos`
  ADD CONSTRAINT `productos_ibfk_1` FOREIGN KEY (`id_categoria`) REFERENCES `categorias` (`id_categoria`) ON DELETE CASCADE ON UPDATE CASCADE,
  ADD CONSTRAINT `productos_ibfk_2` FOREIGN KEY (`id_marca_producto`) REFERENCES `marcas` (`id`) ON DELETE CASCADE ON UPDATE CASCADE;

--
-- Filtros para la tabla `usuarios`
--
ALTER TABLE `usuarios`
  ADD CONSTRAINT `usuarios_ibfk_1` FOREIGN KEY (`roles_id`) REFERENCES `roles_usuario` (`id`);

--
-- Filtros para la tabla `ventas`
--
ALTER TABLE `ventas`
  ADD CONSTRAINT `ventas_ibfk_1` FOREIGN KEY (`id_usuario`) REFERENCES `usuarios` (`id`);
COMMIT;

/*!40101 SET CHARACTER_SET_CLIENT=@OLD_CHARACTER_SET_CLIENT */;
/*!40101 SET CHARACTER_SET_RESULTS=@OLD_CHARACTER_SET_RESULTS */;
/*!40101 SET COLLATION_CONNECTION=@OLD_COLLATION_CONNECTION */;
